Row_Number,Candidate_ID,Title,Final_Decision,URL,Match_Status,Match_Method,Matched_Source_Path,Copied_Output_Path
2,CAND_05B096ACEC,[PDF] Georgia Energy Report,review,https://gefa.georgia.gov/document/publication/2022-georgia-energy-report/download,matched,basename:Acquired_File_Path,/Users/sreejamuvva/Library/CloudStorage/OneDrive-UniversityofGeorgia/GNEM_Project/Tavily_ev-automation-4/Taviliy_HTML_PDF 3/Data/run_1_500/stage2_downloads/Georgia-Energy-Report-2022_1.pdf,/Users/sreejamuvva/Library/CloudStorage/OneDrive-UniversityofGeorgia/GNEM_Project/Tavily_ev-automation-4/Taviliy_HTML_PDF 3/Data/run_1_500/tavily ready documents/Georgia-Energy-Report-2022_1.pdf
3,CAND_5C8C051F2D,3-1 Georgia Freight Plan 3. Georgia’s Freight Transportation Infrastructure,review,https://www.dot.ga.gov/InvestSmart/Freight/GeorgiaFreight/Chapter3_Georgia_Freight_Transportation_Infrastructure.pdf,matched,basename:Acquired_File_Path,/Users/sreejamuvva/Library/CloudStorage/OneDrive-UniversityofGeorgia/GNEM_Project/Tavily_ev-automation-4/Taviliy_HTML_PDF 3/Data/run_1_500/stage2_downloads/Chapter3_Georgia_Freight_Transportation_Infrastructure.pdf,/Users/sreejamuvva/Library/CloudStorage/OneDrive-UniversityofGeorgia/GNEM_Project/Tavily_ev-automation-4/Taviliy_HTML_PDF 3/Data/run_1_500/tavily ready documents/Chapter3_Georgia_Freight_Transportation_Infrastructure.pdf
4,CAND_F350095FB1,[PDF] Economic Development Agreement with Hyundai Motor Group,review,https://georgia.org/sites/default/files/2022-07/hyundai_motor_group_economic_development_agreement_-_executive_summary.pdf,matched,basename:Acquired_File_Path,/Users/sreejamuvva/Library/CloudStorage/OneDrive-UniversityofGeorgia/GNEM_Project/Tavily_ev-automation-4/Taviliy_HTML_PDF 3/Data/run_1_500/stage2_downloads/hyundai_motor_group_economic_development_agreement_-_executive_summary.pdf,/Users/sreejamuvva/Library/CloudStorage/OneDrive-UniversityofGeorgia/GNEM_Project/Tavily_ev-automation-4/Taviliy_HTML_PDF 3/Data/run_1_500/tavily ready documents/hyundai_motor_group_economic_development_agreement_-_executive_summary.pdf
5,CAND_0D876D9726,[PDF] 1 Summary - Georgia Department of Economic Development,review,https://georgia.org/sites/default/files/2023-09/hyundai_motor_group_incentives_-_updated_executive_summary_09.08.23_final.pdf,matched,basename:Acquired_File_Path,/Users/sreejamuvva/Library/CloudStorage/OneDrive-UniversityofGeorgia/GNEM_Project/Tavily_ev-automation-4/Taviliy_HTML_PDF 3/Data/run_1_500/stage2_downloads/hyundai_motor_group_incentives_-_updated_executive_summary_09.08.23_final.pdf,/Users/sreejamuvva/Library/CloudStorage/OneDrive-UniversityofGeorgia/GNEM_Project/Tavily_ev-automation-4/Taviliy_HTML_PDF 3/Data/run_1_500/tavily ready documents/hyundai_motor_group_incentives_-_updated_executive_summary_09.08.23_final.pdf
6,CAND_42AA54D196,[PDF] SUPERCHARGED: - Raphael Warnock,review,https://www.warnock.senate.gov/wp-content/uploads/2025/05/Supercharged-IRA-Report.pdf,matched,basename:Acquired_File_Path,/Users/sreejamuvva/Library/CloudStorage/OneDrive-UniversityofGeorgia/GNEM_Project/Tavily_ev-automation-4/Taviliy_HTML_PDF 3/Data/run_1_500/stage2_downloads/Supercharged-IRA-Report.pdf,/Users/sreejamuvva/Library/CloudStorage/OneDrive-UniversityofGeorgia/GNEM_Project/Tavily_ev-automation-4/Taviliy_HTML_PDF 3/Data/run_1_500/tavily ready documents/Supercharged-IRA-Report.pdf
7,CAND_07D3A45DF1,Georgia Business Assets a Powerful Magnet for Electric Vehicle Industry | Georgia.org,review,https://georgia.org/blog/georgia-business-assets-powerful-magnet-electric-vehicle-industry,unmatched,,,
8,CAND_949B09990C,Georgia Electric Vehicle Manufacturing | Georgia Department of Economic Development,review,https://georgia.org/EV,unmatched,,,
9,CAND_CB075DEF7C,Georgia Emerges as Hub for Sustainability | Georgia.org,review,https://georgia.org/blog/georgia-emerges-hub-sustainability,unmatched,,,
10,CAND_D25A4AD066,[PDF] FY 2012 Annual Progress Report for Energy Storage R&D,review,https://www.energy.gov/sites/prod/files/2014/04/f14/2_arra.pdf,matched,basename:Acquired_File_Path,/Users/sreejamuvva/Library/CloudStorage/OneDrive-UniversityofGeorgia/GNEM_Project/Tavily_ev-automation-4/Taviliy_HTML_PDF 3/Data/run_1_500/stage2_downloads/2_arra.pdf,/Users/sreejamuvva/Library/CloudStorage/OneDrive-UniversityofGeorgia/GNEM_Project/Tavily_ev-automation-4/Taviliy_HTML_PDF 3/Data/run_1_500/tavily ready documents/2_arra.pdf
11,CAND_2A1F23D1BC,"EV Parts Supplier NVH Korea to Create Over 160 Jobs, Invest $72M in Henry County | Georgia.org",review,https://www.georgia.org/press-release/ev-parts-supplier-nvh-korea-create-over-160-jobs-invest-72m-henry-county,unmatched,,,
12,CAND_FD95048FC0,"EV Parts Supplier NVH Korea to Create Over 160 Jobs, Invest $72M in Henry County | Georgia.org",review,https://georgia.org/press-release/ev-parts-supplier-nvh-korea-create-over-160-jobs-invest-72m-henry-county,unmatched,,,
13,CAND_D37B76E852,[PDF] Final Environmental Assessment - Department of Energy,review,https://www.energy.gov/sites/default/files/2024-06/EA_FONSI_Final_LPO_Aspen%20Aerogel.pdf,unmatched,,,
14,CAND_A53A87F70C,"Aspen Aerogels, Inc. Reports First Quarter 2025 Financial Results ...",review,https://www.sec.gov/Archives/edgar/data/1145986/000117184325002948/exh_991.htm,matched,basename:Acquired_File_Path,/Users/sreejamuvva/Library/CloudStorage/OneDrive-UniversityofGeorgia/GNEM_Project/Tavily_ev-automation-4/Taviliy_HTML_PDF 3/Data/run_1_500/stage2_downloads/exh_991_2.htm,/Users/sreejamuvva/Library/CloudStorage/OneDrive-UniversityofGeorgia/GNEM_Project/Tavily_ev-automation-4/Taviliy_HTML_PDF 3/Data/run_1_500/tavily ready documents/exh_991_2.htm
15,CAND_5F0002B474,"Bartow County, Georgia Fulfills Location & Logistical ...",review,https://georgia.org/sites/default/files/2018-06/voestalpine.pdf,unmatched,,,
16,CAND_F262E5C9CC,EX-99.1,review,https://www.sec.gov/Archives/edgar/data/1859795/000095017024114374/nvx-ex99_1.htm,matched,basename:Acquired_File_Path,/Users/sreejamuvva/Library/CloudStorage/OneDrive-UniversityofGeorgia/GNEM_Project/Tavily_ev-automation-4/Taviliy_HTML_PDF 3/Data/run_1_500/stage2_downloads/nvx-ex99_1.htm,/Users/sreejamuvva/Library/CloudStorage/OneDrive-UniversityofGeorgia/GNEM_Project/Tavily_ev-automation-4/Taviliy_HTML_PDF 3/Data/run_1_500/tavily ready documents/nvx-ex99_1.htm
17,CAND_00EDC1B6F2,[PDF] REGIONAL FREIGHT TRANSPORTATION PLAN - Savannah MPC,review,https://www.thempc.org/docs/lit/CoreMpo/Plans/FreightTransportation/2023/Dec/Task3/CORE%20RFTP_Land%20Use%20Analysis_Final_10302023.pdf,matched,basename:Acquired_File_Path,/Users/sreejamuvva/Library/CloudStorage/OneDrive-UniversityofGeorgia/GNEM_Project/Tavily_ev-automation-4/Taviliy_HTML_PDF 3/Data/run_1_500/stage2_downloads/CORE%20RFTP_Land%20Use%20Analysis_Final_10302023.pdf,/Users/sreejamuvva/Library/CloudStorage/OneDrive-UniversityofGeorgia/GNEM_Project/Tavily_ev-automation-4/Taviliy_HTML_PDF 3/Data/run_1_500/tavily ready documents/CORE%20RFTP_Land%20Use%20Analysis_Final_10302023.pdf
18,CAND_B5FEE4A717,"Second Global Automotive Supplier for Hyundai Metaplant To Create 1,500 Jobs | Georgia.org",review,https://www.georgia.org/press-release/second-global-automotive-supplier-hyundai-metaplant-create-1500-jobs,unmatched,,,
19,CAND_A817B83385,Hyundai Motor Group and SK On To Build EV Battery Facility in Bartow County | Georgia.org,review,https://georgia.org/press-release/hyundai-motor-group-and-sk-build-ev-battery-facility-bartow-county,unmatched,,,
20,CAND_FD06DE8E5E,"Second Global Automotive Supplier for Hyundai Metaplant To Create 1,500 Jobs | Georgia.org",review,https://georgia.org/press-release/second-global-automotive-supplier-hyundai-metaplant-create-1500-jobs,unmatched,,,
21,CAND_155E6FE149,[PDF] GEORGIA:,review,https://case-usa.eu/wp-content/uploads/2021/12/Georgia-Battery-Ecosystem.pdf,matched,basename:Acquired_File_Path,/Users/sreejamuvva/Library/CloudStorage/OneDrive-UniversityofGeorgia/GNEM_Project/Tavily_ev-automation-4/Taviliy_HTML_PDF 3/Data/run_1_500/stage2_downloads/Georgia-Battery-Ecosystem.pdf,/Users/sreejamuvva/Library/CloudStorage/OneDrive-UniversityofGeorgia/GNEM_Project/Tavily_ev-automation-4/Taviliy_HTML_PDF 3/Data/run_1_500/tavily ready documents/Georgia-Battery-Ecosystem.pdf
22,CAND_9D79F5B8FD,EX-99.1,review,https://www.sec.gov/Archives/edgar/data/1859795/000095017024083667/nvx-ex99_1.htm,matched,basename:Acquired_File_Path,/Users/sreejamuvva/Library/CloudStorage/OneDrive-UniversityofGeorgia/GNEM_Project/Tavily_ev-automation-4/Taviliy_HTML_PDF 3/Data/run_1_500/stage2_downloads/nvx-ex99_1_3.htm,/Users/sreejamuvva/Library/CloudStorage/OneDrive-UniversityofGeorgia/GNEM_Project/Tavily_ev-automation-4/Taviliy_HTML_PDF 3/Data/run_1_500/tavily ready documents/nvx-ex99_1_3.htm
23,CAND_A3C4AAE424,The South is building the most vibrant EV and battery hub in the US,review,https://www.canarymedia.com/articles/clean-energy-manufacturing/the-south-is-building-the-most-vibrant-ev-and-battery-hub-in-the-us,matched,basename:Acquired_File_Path,/Users/sreejamuvva/Library/CloudStorage/OneDrive-UniversityofGeorgia/GNEM_Project/Tavily_ev-automation-4/Taviliy_HTML_PDF 3/Data/run_1_500/stage2_downloads/the-south-is-building-the-most-vibrant-ev-and-battery-hub-in-the-us.html,/Users/sreejamuvva/Library/CloudStorage/OneDrive-UniversityofGeorgia/GNEM_Project/Tavily_ev-automation-4/Taviliy_HTML_PDF 3/Data/run_1_500/tavily ready documents/the-south-is-building-the-most-vibrant-ev-and-battery-hub-in-the-us.html
24,CAND_EE78000BC6,GTRI Works to Enhance EV Battery Reuse and Recycling in Georgia,review,https://www.gatech.edu/news/2023/06/07/gtri-works-enhance-ev-battery-reuse-and-recycling-georgia,matched,basename:Acquired_File_Path,/Users/sreejamuvva/Library/CloudStorage/OneDrive-UniversityofGeorgia/GNEM_Project/Tavily_ev-automation-4/Taviliy_HTML_PDF 3/Data/run_1_500/stage2_downloads/gtri-works-enhance-ev-battery-reuse-and-recycling-georgia.html,/Users/sreejamuvva/Library/CloudStorage/OneDrive-UniversityofGeorgia/GNEM_Project/Tavily_ev-automation-4/Taviliy_HTML_PDF 3/Data/run_1_500/tavily ready documents/gtri-works-enhance-ev-battery-reuse-and-recycling-georgia.html
25,CAND_964052A400,Longtime Kia and HMG Supplier to Build Manufacturing Facility in Bulloch County | Georgia.org,review,https://www.georgia.org/press-release/longtime-kia-and-hmg-supplier-build-manufacturing-facility-bulloch-county,matched,title_prefix,/Users/sreejamuvva/Library/CloudStorage/OneDrive-UniversityofGeorgia/GNEM_Project/Tavily_ev-automation-4/Taviliy_HTML_PDF 3/Data/run_1_500/stage2_downloads/Longtime_Kia_and_HMG_Supplier_to_Build_Manufacturing_Facility_in_Bulloch_County_–_Savannah_Harbor-Interstate_16_Corridor_Joint_Development_Authority.html,/Users/sreejamuvva/Library/CloudStorage/OneDrive-UniversityofGeorgia/GNEM_Project/Tavily_ev-automation-4/Taviliy_HTML_PDF 3/Data/run_1_500/tavily ready documents/Longtime_Kia_and_HMG_Supplier_to_Build_Manufacturing_Facility_in_Bulloch_County_–_Savannah_Harbor-Interstate_16_Corridor_Joint_Development_Authority.html
26,CAND_9633689EE2,Longtime Kia and HMG Supplier to Build Manufacturing Facility in Bulloch County | Georgia.org,review,https://georgia.org/press-release/longtime-kia-and-hmg-supplier-build-manufacturing-facility-bulloch-county,matched,title_prefix,/Users/sreejamuvva/Library/CloudStorage/OneDrive-UniversityofGeorgia/GNEM_Project/Tavily_ev-automation-4/Taviliy_HTML_PDF 3/Data/run_1_500/stage2_downloads/Longtime_Kia_and_HMG_Supplier_to_Build_Manufacturing_Facility_in_Bulloch_County_–_Savannah_Harbor-Interstate_16_Corridor_Joint_Development_Authority.html,/Users/sreejamuvva/Library/CloudStorage/OneDrive-UniversityofGeorgia/GNEM_Project/Tavily_ev-automation-4/Taviliy_HTML_PDF 3/Data/run_1_500/tavily ready documents/Longtime_Kia_and_HMG_Supplier_to_Build_Manufacturing_Facility_in_Bulloch_County_–_Savannah_Harbor-Interstate_16_Corridor_Joint_Development_Authority.html
27,CAND_564677852C,[PDF] Driving Growth in South Carolina's Battery and EV Supply Chains,review,https://www.c2es.org/wp-content/uploads/2025/04/driving-growth-south-carolinas-battery-and-ev-supply-chain.pdf,matched,basename:Acquired_File_Path,/Users/sreejamuvva/Library/CloudStorage/OneDrive-UniversityofGeorgia/GNEM_Project/Tavily_ev-automation-4/Taviliy_HTML_PDF 3/Data/run_1_500/stage2_downloads/driving-growth-south-carolinas-battery-and-ev-supply-chain.pdf,/Users/sreejamuvva/Library/CloudStorage/OneDrive-UniversityofGeorgia/GNEM_Project/Tavily_ev-automation-4/Taviliy_HTML_PDF 3/Data/run_1_500/tavily ready documents/driving-growth-south-carolinas-battery-and-ev-supply-chain.pdf
28,CAND_C37E93A7F9,First Hyundai Motor Group Supplier to Build Facility in Bulloch County | Georgia.org,review,https://www.georgia.org/press-release/first-hyundai-motor-group-supplier-build-facility-bulloch-county,unmatched,,,
29,CAND_C25361B88E,First Hyundai Motor Group Supplier to Build Facility in Bulloch County | Georgia.org,review,https://georgia.org/press-release/first-hyundai-motor-group-supplier-build-facility-bulloch-county,unmatched,,,
30,CAND_A9B1B4FC75,[PDF] The Clean Energy Roadshow is produced by Event Energy Partners ...,review,https://cleanenergyroadshow.com/wp-content/uploads/2025/08/2025Roadshow-EV-Propane-CNG-H2.pdf,matched,basename:Acquired_File_Path,/Users/sreejamuvva/Library/CloudStorage/OneDrive-UniversityofGeorgia/GNEM_Project/Tavily_ev-automation-4/Taviliy_HTML_PDF 3/Data/run_1_500/stage2_downloads/2025Roadshow-EV-Propane-CNG-H2.pdf,/Users/sreejamuvva/Library/CloudStorage/OneDrive-UniversityofGeorgia/GNEM_Project/Tavily_ev-automation-4/Taviliy_HTML_PDF 3/Data/run_1_500/tavily ready documents/2025Roadshow-EV-Propane-CNG-H2.pdf
31,CAND_1D9DD9F07D,GEORGIA,review,https://climatepower.us/wp-content/uploads/2024/03/State-of-the-Clean-Energy-Boom_Georgia.pdf,unmatched,,,
32,CAND_7EFF8F6639,Hyundai Motor Group Will Build Big EV Plant And Battery Facility In Georgia,review,https://insideevs.com/news/587322/hyundai-build-ev-plant-battery-georgia/,matched,title_exact,/Users/sreejamuvva/Library/CloudStorage/OneDrive-UniversityofGeorgia/GNEM_Project/Tavily_ev-automation-4/Taviliy_HTML_PDF 3/Data/run_1_500/stage2_downloads/Hyundai_Motor_Group_Will_Build_Big_EV_Plant_And_Battery_Facility_In_Georgia.html,/Users/sreejamuvva/Library/CloudStorage/OneDrive-UniversityofGeorgia/GNEM_Project/Tavily_ev-automation-4/Taviliy_HTML_PDF 3/Data/run_1_500/tavily ready documents/Hyundai_Motor_Group_Will_Build_Big_EV_Plant_And_Battery_Facility_In_Georgia.html
33,CAND_82CF04C498,"Logistics | Development Authority of Washington County, Georgia",review,https://washingtondev.com/top-industries/logistics,matched,basename:Acquired_File_Path,/Users/sreejamuvva/Library/CloudStorage/OneDrive-UniversityofGeorgia/GNEM_Project/Tavily_ev-automation-4/Taviliy_HTML_PDF 3/Data/run_1_500/stage2_downloads/logistics.html,/Users/sreejamuvva/Library/CloudStorage/OneDrive-UniversityofGeorgia/GNEM_Project/Tavily_ev-automation-4/Taviliy_HTML_PDF 3/Data/run_1_500/tavily ready documents/logistics.html
34,CAND_C523AD2FF8,[PDF] COLLABORATION - Georgia Department of Economic Development,review,https://georgia.org/sites/default/files/2023-03/fy23q2_board_book_-_23admin311.pdf,matched,basename:Acquired_File_Path,/Users/sreejamuvva/Library/CloudStorage/OneDrive-UniversityofGeorgia/GNEM_Project/Tavily_ev-automation-4/Taviliy_HTML_PDF 3/Data/run_1_500/stage2_downloads/fy23q2_board_book_-_23admin311.pdf,/Users/sreejamuvva/Library/CloudStorage/OneDrive-UniversityofGeorgia/GNEM_Project/Tavily_ev-automation-4/Taviliy_HTML_PDF 3/Data/run_1_500/tavily ready documents/fy23q2_board_book_-_23admin311.pdf
35,CAND_A565C282AC,[PDF] Automotive Manufacturing - Amazon AWS,review,https://selectgeorgia-production-assets.s3.amazonaws.com/media/documents/Automotive_Industry_2024.pdf,matched,basename:Acquired_File_Path,/Users/sreejamuvva/Library/CloudStorage/OneDrive-UniversityofGeorgia/GNEM_Project/Tavily_ev-automation-4/Taviliy_HTML_PDF 3/Data/run_1_500/stage2_downloads/Automotive_Industry_2024.pdf,/Users/sreejamuvva/Library/CloudStorage/OneDrive-UniversityofGeorgia/GNEM_Project/Tavily_ev-automation-4/Taviliy_HTML_PDF 3/Data/run_1_500/tavily ready documents/Automotive_Industry_2024.pdf
36,CAND_0DB81382A0,Georgia: 3PL Logistics Sweet Spot,review,https://www.warehousebasics.com/insights/third-party-logistics/georgia-3pl-logistics-sweet-spot,matched,basename:Acquired_File_Path,/Users/sreejamuvva/Library/CloudStorage/OneDrive-UniversityofGeorgia/GNEM_Project/Tavily_ev-automation-4/Taviliy_HTML_PDF 3/Data/run_1_500/stage2_downloads/georgia-3pl-logistics-sweet-spot.html,/Users/sreejamuvva/Library/CloudStorage/OneDrive-UniversityofGeorgia/GNEM_Project/Tavily_ev-automation-4/Taviliy_HTML_PDF 3/Data/run_1_500/tavily ready documents/georgia-3pl-logistics-sweet-spot.html
37,CAND_0EB22CBFBB,Georgia’s Battery-Powered Future - Georgia Trend Magazine,review,https://www.georgiatrend.com/2024/04/30/georgias-battery-powered-future/,matched,basename:Acquired_File_Path,/Users/sreejamuvva/Library/CloudStorage/OneDrive-UniversityofGeorgia/GNEM_Project/Tavily_ev-automation-4/Taviliy_HTML_PDF 3/Data/run_1_500/stage2_downloads/Georgia’s_Battery-Powered_Future_-_Georgia_Trend_Magazine.html,/Users/sreejamuvva/Library/CloudStorage/OneDrive-UniversityofGeorgia/GNEM_Project/Tavily_ev-automation-4/Taviliy_HTML_PDF 3/Data/run_1_500/tavily ready documents/Georgia’s_Battery-Powered_Future_-_Georgia_Trend_Magazine.html
38,CAND_63E6DC798C,"Hyundai, SK On plan $5B Georgia EV battery plant | Utility Dive",review,https://www.utilitydive.com/news/Hyundai-SK-On-plan-5B-Georgia-EV-battery-joint-venture/648667/?ref=cleantech-vanguard.com,unmatched,,,
39,CAND_174687C7CD,file: ea022002201ex99-1_freyr.htm,review,https://www.sec.gov/Archives/edgar/data/1992243/000121390024094750/ea022002201ex99-1_freyr.htm,matched,basename:Acquired_File_Path,/Users/sreejamuvva/Library/CloudStorage/OneDrive-UniversityofGeorgia/GNEM_Project/Tavily_ev-automation-4/Taviliy_HTML_PDF 3/Data/run_1_500/stage2_downloads/ea022002201ex99-1_freyr.htm,/Users/sreejamuvva/Library/CloudStorage/OneDrive-UniversityofGeorgia/GNEM_Project/Tavily_ev-automation-4/Taviliy_HTML_PDF 3/Data/run_1_500/tavily ready documents/ea022002201ex99-1_freyr.htm
40,CAND_5016FCF415,Global Temperature-controlled Storage Leader Lineage Logistics to Build New Savannah Facility | Georgia.org,review,https://georgia.org/press-release/global-temperature-controlled-storage-leader-lineage-logistics-build-new-savannah,unmatched,,,
41,CAND_B843606025,Anovion to build battery material plant in Georgia - electrive.com,review,https://www.electrive.com/2023/05/16/anovion-to-build-battery-material-plant-in-georgia,matched,basename:Acquired_File_Path,/Users/sreejamuvva/Library/CloudStorage/OneDrive-UniversityofGeorgia/GNEM_Project/Tavily_ev-automation-4/Taviliy_HTML_PDF 3/Data/run_1_500/stage2_downloads/Anovion_to_build_battery_material_plant_in_Georgia_-_electrive.html,/Users/sreejamuvva/Library/CloudStorage/OneDrive-UniversityofGeorgia/GNEM_Project/Tavily_ev-automation-4/Taviliy_HTML_PDF 3/Data/run_1_500/tavily ready documents/Anovion_to_build_battery_material_plant_in_Georgia_-_electrive.html
42,CAND_9B9BC477C6,How the Georgia-Korea Connection Energizes Opportunities | Georgia.org,review,https://www.georgia.org/blog/how-georgia-korea-connection-energizes-opportunities,unmatched,,,
43,CAND_6E02A101C7,Georgia Ports Secures $120 Million in Federal Grants for Rail...,review,https://www.globaltrademag.com/georgia-ports-secures-120-million-in-federal-grants-for-rail-and-electrification-projects,matched,basename:Acquired_File_Path,/Users/sreejamuvva/Library/CloudStorage/OneDrive-UniversityofGeorgia/GNEM_Project/Tavily_ev-automation-4/Taviliy_HTML_PDF 3/Data/run_1_500/stage2_downloads/Georgia_Ports_Secures_$120_Million_in_Federal_Grants_for_Rail...html,/Users/sreejamuvva/Library/CloudStorage/OneDrive-UniversityofGeorgia/GNEM_Project/Tavily_ev-automation-4/Taviliy_HTML_PDF 3/Data/run_1_500/tavily ready documents/Georgia_Ports_Secures_$120_Million_in_Federal_Grants_for_Rail...html
44,CAND_820ED468A5,Hyundai & LG Plan $4.3 Billion Battery Plant in Savannah - Metro Atlanta CEO,review,https://metroatlantaceo.com/features/2023/05/hyundai-and-lg-plan-43-billion-battery-plant-savannah/,matched,basename:Acquired_File_Path,/Users/sreejamuvva/Library/CloudStorage/OneDrive-UniversityofGeorgia/GNEM_Project/Tavily_ev-automation-4/Taviliy_HTML_PDF 3/Data/run_1_500/stage2_downloads/Hyundai_&_LG_Plan_$4.html,/Users/sreejamuvva/Library/CloudStorage/OneDrive-UniversityofGeorgia/GNEM_Project/Tavily_ev-automation-4/Taviliy_HTML_PDF 3/Data/run_1_500/tavily ready documents/Hyundai_&_LG_Plan_$4.html
45,CAND_F26EB177CA,"The Rise of the ""Battery Belt"" in the Southeast United States: Georgia's Electric Vehicle Boom - Environment+Energy Leader",review,"https://www.environmentenergyleader.com/stories/the-rise-of-the-battery-belt-in-the-southeast-united-states-georgias-electric-vehicle-boom,48331",matched,basename:Acquired_File_Path,"/Users/sreejamuvva/Library/CloudStorage/OneDrive-UniversityofGeorgia/GNEM_Project/Tavily_ev-automation-4/Taviliy_HTML_PDF 3/Data/run_1_500/stage2_downloads/the-rise-of-the-battery-belt-in-the-southeast-united-states-georgias-electric-vehicle-boom,48331.html","/Users/sreejamuvva/Library/CloudStorage/OneDrive-UniversityofGeorgia/GNEM_Project/Tavily_ev-automation-4/Taviliy_HTML_PDF 3/Data/run_1_500/tavily ready documents/the-rise-of-the-battery-belt-in-the-southeast-united-states-georgias-electric-vehicle-boom,48331.html"
46,CAND_3E730C40B3,The Rise of America's Battery Belt – Asia Matters for America,review,https://asiamattersforamerica.org/articles/the-rise-of-americas-battery-belt,unmatched,,,
47,CAND_F3DC3C7261,[PDF] 2050 Metropolitan Transportation Plan Volume 1,review,https://cdn.atlantaregional.org/wp-content/uploads/volume-i-chapter-5-programming-strategies-and-policies.pdf,matched,basename:Acquired_File_Path,/Users/sreejamuvva/Library/CloudStorage/OneDrive-UniversityofGeorgia/GNEM_Project/Tavily_ev-automation-4/Taviliy_HTML_PDF 3/Data/run_1_500/stage2_downloads/volume-i-chapter-5-programming-strategies-and-policies.pdf,/Users/sreejamuvva/Library/CloudStorage/OneDrive-UniversityofGeorgia/GNEM_Project/Tavily_ev-automation-4/Taviliy_HTML_PDF 3/Data/run_1_500/tavily ready documents/volume-i-chapter-5-programming-strategies-and-policies.pdf
48,CAND_072450F476,Hydrometallurgical recycling technologies for NMC Li-ion battery cathodes: current industrial practice and new R&D trends - RSC Sustainability (RSC Publishing) DOI:10.1039/D3SU00142C,review,https://pubs.rsc.org/en/content/articlehtml/2023/su/d3su00142c,matched,basename:Acquired_File_Path,/Users/sreejamuvva/Library/CloudStorage/OneDrive-UniversityofGeorgia/GNEM_Project/Tavily_ev-automation-4/Taviliy_HTML_PDF 3/Data/run_1_500/stage2_downloads/d3su00142c.html,/Users/sreejamuvva/Library/CloudStorage/OneDrive-UniversityofGeorgia/GNEM_Project/Tavily_ev-automation-4/Taviliy_HTML_PDF 3/Data/run_1_500/tavily ready documents/d3su00142c.html
49,CAND_84725DAAD6,Top tier supplier signs on for Kia facility in West Point | Georgia.org,review,https://georgia.org/newsroom/press-releases/top-tier-supplier-signs-on-for-kia-facility-in-west-point,unmatched,,,
50,CAND_CBDE691168,[PDF] fyiGA's Energy Cities At Work - Location Georgia,review,https://www.locationgeorgia.com/wp-content/uploads/2025/03/2024-fyi-GA-Energy-Cities-at-Work.pdf,matched,basename:Acquired_File_Path,/Users/sreejamuvva/Library/CloudStorage/OneDrive-UniversityofGeorgia/GNEM_Project/Tavily_ev-automation-4/Taviliy_HTML_PDF 3/Data/run_1_500/stage2_downloads/2024-fyi-GA-Energy-Cities-at-Work.pdf,/Users/sreejamuvva/Library/CloudStorage/OneDrive-UniversityofGeorgia/GNEM_Project/Tavily_ev-automation-4/Taviliy_HTML_PDF 3/Data/run_1_500/tavily ready documents/2024-fyi-GA-Energy-Cities-at-Work.pdf
51,CAND_7AF43E183A,Georgia’s Extensive Logistics Network Speeds Goods to Market | Georgia.org,review,https://georgia.org/blog/georgias-extensive-logistics-network-speeds-goods-market,unmatched,,,
52,CAND_EFD94C41C5,LG Energy Solution and Hyundai Motor Group to Establish Battery Cell Manufacturing Joint Venture in the U.S. – LG Energy Solution,review,https://news.lgensol.com/company-news/press-releases/1780/,unmatched,,,
53,CAND_8DC0A89373,Congressional Record,review,https://www.congress.gov/119/crec/2025/04/28/171/70/CREC-2025-04-28.pdf,unmatched,,,
54,CAND_85D8AF04E6,[PDF] Issue Brief: Federal Support for EV Jobs in Georgia,review,https://atlaspolicy.com/wp-content/uploads/2024/05/Issue-Brief-EV-Jobs-in-Georgia.pdf,matched,basename:Acquired_File_Path,/Users/sreejamuvva/Library/CloudStorage/OneDrive-UniversityofGeorgia/GNEM_Project/Tavily_ev-automation-4/Taviliy_HTML_PDF 3/Data/run_1_500/stage2_downloads/Issue-Brief-EV-Jobs-in-Georgia.pdf,/Users/sreejamuvva/Library/CloudStorage/OneDrive-UniversityofGeorgia/GNEM_Project/Tavily_ev-automation-4/Taviliy_HTML_PDF 3/Data/run_1_500/tavily ready documents/Issue-Brief-EV-Jobs-in-Georgia.pdf
55,CAND_6F2E677B9E,Hyundai Will Build First Fully-Dedicated EV Plant In Georgia - Automotive - Business Facilities Magazine,review,https://businessfacilities.com/2022/05/hyundai-will-build-first-fully-dedicated-ev-plant-in-georgia,unmatched,,,
56,CAND_06A1FEBC0B,Hyundai to build $5.5 billion EV and battery plant in Georgia - The Atlanta Voice,review,https://theatlantavoice.com/hyundai-to-build-5-5-billion-ev-and-battery-plant-in-georgia,unmatched,,,
57,CAND_D3601EF059,Hyundai Motor Group | Georgia.org,review,https://georgia.org/hyundaimotorgroup,unmatched,,,
58,CAND_440A05CD95,Georgia Power requests PSC permission to build and own 3GW of new battery storage projects - Energy-Storage.News,review,https://www.energy-storage.news/georgia-power-requests-psc-permission-to-build-and-own-3gw-of-new-battery-storage-projects/,matched,basename:Acquired_File_Path,/Users/sreejamuvva/Library/CloudStorage/OneDrive-UniversityofGeorgia/GNEM_Project/Tavily_ev-automation-4/Taviliy_HTML_PDF 3/Data/run_1_500/stage2_downloads/Georgia_Power_requests_PSC_permission_to_build_and_own_3GW_of_new_battery_storage_projects_-_Energy-Storage.html,/Users/sreejamuvva/Library/CloudStorage/OneDrive-UniversityofGeorgia/GNEM_Project/Tavily_ev-automation-4/Taviliy_HTML_PDF 3/Data/run_1_500/tavily ready documents/Georgia_Power_requests_PSC_permission_to_build_and_own_3GW_of_new_battery_storage_projects_-_Energy-Storage.html
59,CAND_11EAB94DC2,Electric Mobility Innovation Alliance (EMIA): Supply Chain | Georgia Department of Economic Development,review,https://georgia.org/mobility-supply-chain,unmatched,,,
60,CAND_E512073CF6,Electric Mobility Innovation Alliance (EMIA): Supply Chain | Georgia Department of Economic Development,review,https://www.georgia.org/mobility-supply-chain,unmatched,,,
61,CAND_6D1DF48ED0,[PDF] Clean Energy Investments Are Revitalizing Georgia Communities ...,review,https://climatepower.us/wp-content/uploads/2024/09/Clean-Energy-Investments-Are-Revitalizing-Georgia-Communities-CEE-2024_09_09-DR.pdf,unmatched,,,
62,CAND_742154D72B,[PDF] Georgia Department of Economic Development Board Meeting,review,https://georgia.org/sites/default/files/2023-01/2022-5-11_gdecd_board_minutes.pdf,unmatched,,,
63,CAND_36A7057B3A,Strategic EV Battery Partnerships: How Hyundai and LG Energy Solution's $4.3 Billion JV Positions Them for IRA-Driven Growth,review,https://www.ainvest.com/news/strategic-ev-battery-partnerships-hyundai-lg-energy-solution-4-3-billion-jv-positions-ira-driven-growth-2507,matched,basename:Acquired_File_Path,/Users/sreejamuvva/Library/CloudStorage/OneDrive-UniversityofGeorgia/GNEM_Project/Tavily_ev-automation-4/Taviliy_HTML_PDF 3/Data/run_1_500/stage2_downloads/Strategic_EV_Battery_Partnerships_How_Hyundai_and_LG_Energy_Solution's_$4.html,/Users/sreejamuvva/Library/CloudStorage/OneDrive-UniversityofGeorgia/GNEM_Project/Tavily_ev-automation-4/Taviliy_HTML_PDF 3/Data/run_1_500/tavily ready documents/Strategic_EV_Battery_Partnerships_How_Hyundai_and_LG_Energy_Solution's_$4.html
64,CAND_65E83306D3,[PDF] georgia-highlights_4th_edition_25th_anniversary_2021.pdf,review,https://georgia.org/sites/default/files/2021-07/georgia-highlights_4th_edition_25th_anniversary_2021.pdf,unmatched,,,
65,CAND_2790AA8AD8,Battery boom in the South: How states like Georgia are quietly building,review,https://business-news-today.com/battery-boom-in-the-south-how-states-like-georgia-are-quietly-building-energy-storage-capacity,unmatched,,,
66,CAND_EA6E724597,"Presentation to Annual General Meeting held on April 17, 2024",review,https://www.sec.gov/Archives/edgar/data/1859795/000095017024045550/nvx-ex99_3.htm,matched,basename:Acquired_File_Path,/Users/sreejamuvva/Library/CloudStorage/OneDrive-UniversityofGeorgia/GNEM_Project/Tavily_ev-automation-4/Taviliy_HTML_PDF 3/Data/run_1_500/stage2_downloads/nvx-ex99_3.htm,/Users/sreejamuvva/Library/CloudStorage/OneDrive-UniversityofGeorgia/GNEM_Project/Tavily_ev-automation-4/Taviliy_HTML_PDF 3/Data/run_1_500/tavily ready documents/nvx-ex99_3.htm
67,CAND_EE87E95CA3,[PDF] The Battery Report 2022 - Volta Foundation,review,https://report.volta.foundation/annual-battery-report/public/Battery_Report_2022.pdf,unmatched,,,
68,CAND_6C763FAA7D,[PDF] STATE OF Georgia's Supply Chain/ Logistics Technology Ecosystem,review,http://tagedonline.org/wp-content/uploads/2024/12/2020-Georgia_s-Supply-Chain-Ecosystem-Report.pdf,matched,basename:Acquired_File_Path,/Users/sreejamuvva/Library/CloudStorage/OneDrive-UniversityofGeorgia/GNEM_Project/Tavily_ev-automation-4/Taviliy_HTML_PDF 3/Data/run_1_500/stage2_downloads/2020-Georgia_s-Supply-Chain-Ecosystem-Report.pdf,/Users/sreejamuvva/Library/CloudStorage/OneDrive-UniversityofGeorgia/GNEM_Project/Tavily_ev-automation-4/Taviliy_HTML_PDF 3/Data/run_1_500/tavily ready documents/2020-Georgia_s-Supply-Chain-Ecosystem-Report.pdf
69,CAND_39B90E6E31,"Lineage Logistics Expands Port-Centric Facility Footprint in Savannah, Georgia — Bay Grove",review,https://www.bay-grove.com/press/2022/1/4/lineage-logistics-expands-port-centric-facility-footprint-in-savannah-georgia,matched,basename:Acquired_File_Path,/Users/sreejamuvva/Library/CloudStorage/OneDrive-UniversityofGeorgia/GNEM_Project/Tavily_ev-automation-4/Taviliy_HTML_PDF 3/Data/run_1_500/stage2_downloads/lineage-logistics-expands-port-centric-facility-footprint-in-savannah-georgia.html,/Users/sreejamuvva/Library/CloudStorage/OneDrive-UniversityofGeorgia/GNEM_Project/Tavily_ev-automation-4/Taviliy_HTML_PDF 3/Data/run_1_500/tavily ready documents/lineage-logistics-expands-port-centric-facility-footprint-in-savannah-georgia.html
70,CAND_5E094E1B8B,The Southeast US Battery Belt Is Learning To Love EVs - CleanTechnica,review,https://cleantechnica.com/2024/05/08/the-southeast-us-battery-belt-is-learning-to-love-evs/,unmatched,,,
71,CAND_D16B2EDDE2,Hyundai Supplier PHA Will Bring 400+ Jobs To Georgia - Automotive - Business Facilities Magazine,review,https://businessfacilities.com/hyundai-supplier-pha-400-jobs-georgia,unmatched,,,
72,CAND_2998E53E65,"Yes, EV Battery Recycling Plants Are Ready in the U.S.",review,https://www.abiresearch.com/blog/ev-battery-recycling-in-us,matched,basename:Acquired_File_Path,/Users/sreejamuvva/Library/CloudStorage/OneDrive-UniversityofGeorgia/GNEM_Project/Tavily_ev-automation-4/Taviliy_HTML_PDF 3/Data/run_1_500/stage2_downloads/ev-battery-recycling-in-us.html,/Users/sreejamuvva/Library/CloudStorage/OneDrive-UniversityofGeorgia/GNEM_Project/Tavily_ev-automation-4/Taviliy_HTML_PDF 3/Data/run_1_500/tavily ready documents/ev-battery-recycling-in-us.html
73,CAND_90FD822238,LG Energy Solution and Honda Break Ground for New Joint Venture EV Battery Plant in Ohio | Honda Global Corporate Website,review,https://global.honda/en/newsroom/news/2023/c230301eng.html,unmatched,,,
74,CAND_6A79BC48E1,Lithium-ion battery recycling goes large - C&EN,review,https://cen.acs.org/environment/recycling/Lithium-ion-battery-recycling-goes/101/i38,matched,basename:Acquired_File_Path,/Users/sreejamuvva/Library/CloudStorage/OneDrive-UniversityofGeorgia/GNEM_Project/Tavily_ev-automation-4/Taviliy_HTML_PDF 3/Data/run_1_500/stage2_downloads/i38.html,/Users/sreejamuvva/Library/CloudStorage/OneDrive-UniversityofGeorgia/GNEM_Project/Tavily_ev-automation-4/Taviliy_HTML_PDF 3/Data/run_1_500/tavily ready documents/i38.html
75,CAND_A86C197BDB,Plugged-in: EV revolution fuels Battery Belt emergence from the Midwest to the South | Baker Tilly,review,https://bakertilly.com/insights/ev-revolution-fuels-battery-belt-emergence-midwest-south,matched,slug_exact,/Users/sreejamuvva/Library/CloudStorage/OneDrive-UniversityofGeorgia/GNEM_Project/Tavily_ev-automation-4/Taviliy_HTML_PDF 3/Data/run_1_500/stage2_downloads/ev-revolution-fuels-battery-belt-emergence-midwest-south.html,/Users/sreejamuvva/Library/CloudStorage/OneDrive-UniversityofGeorgia/GNEM_Project/Tavily_ev-automation-4/Taviliy_HTML_PDF 3/Data/run_1_500/tavily ready documents/ev-revolution-fuels-battery-belt-emergence-midwest-south.html
76,CAND_E9D949C218,"Press Release issued by FREYR Battery, Inc. on February ...",review,https://www.sec.gov/Archives/edgar/data/1992243/000121390025011494/ea023045002ex99-1_freyrbat.htm,matched,basename:Acquired_File_Path,/Users/sreejamuvva/Library/CloudStorage/OneDrive-UniversityofGeorgia/GNEM_Project/Tavily_ev-automation-4/Taviliy_HTML_PDF 3/Data/run_1_500/stage2_downloads/ea023045002ex99-1_freyrbat.htm,/Users/sreejamuvva/Library/CloudStorage/OneDrive-UniversityofGeorgia/GNEM_Project/Tavily_ev-automation-4/Taviliy_HTML_PDF 3/Data/run_1_500/tavily ready documents/ea023045002ex99-1_freyrbat.htm
77,CAND_AD8FDFFAE9,"LG Energy, Hyundai to invest additional $2B in Georgia battery cell plant | Utility Dive",review,https://www.utilitydive.com/news/lg-energy-hyundai-additional-2b-ellabell-savannah-georgia-joint-battery-cell/692717/,unmatched,,,
78,CAND_F962152254,"Hyundai Group's First US Electric Vehicle And Battery Plant, A Closer Look",review,https://insideevs.com/news/669976/hyundai-group-metaplant-development-savannah/,matched,basename:Acquired_File_Path,"/Users/sreejamuvva/Library/CloudStorage/OneDrive-UniversityofGeorgia/GNEM_Project/Tavily_ev-automation-4/Taviliy_HTML_PDF 3/Data/run_1_500/stage2_downloads/Hyundai_Group's_First_US_Electric_Vehicle_And_Battery_Plant,_A_Closer_Look.html","/Users/sreejamuvva/Library/CloudStorage/OneDrive-UniversityofGeorgia/GNEM_Project/Tavily_ev-automation-4/Taviliy_HTML_PDF 3/Data/run_1_500/tavily ready documents/Hyundai_Group's_First_US_Electric_Vehicle_And_Battery_Plant,_A_Closer_Look.html"
79,CAND_0E9EAD9229,[PDF] MEMORANDUM - Treasury.gov,review,https://home.treasury.gov/system/files/136/8-16-23-Deputy-Secretary-of-the-Treasury-Inflation-Reduction-Act-One-Year-Anniversary-Interested-Parties-Memo.pdf,matched,basename:Acquired_File_Path,/Users/sreejamuvva/Library/CloudStorage/OneDrive-UniversityofGeorgia/GNEM_Project/Tavily_ev-automation-4/Taviliy_HTML_PDF 3/Data/run_1_500/stage2_downloads/8-16-23-Deputy-Secretary-of-the-Treasury-Inflation-Reduction-Act-One-Year-Anniversary-Interested-Parties-Memo.pdf,/Users/sreejamuvva/Library/CloudStorage/OneDrive-UniversityofGeorgia/GNEM_Project/Tavily_ev-automation-4/Taviliy_HTML_PDF 3/Data/run_1_500/tavily ready documents/8-16-23-Deputy-Secretary-of-the-Treasury-Inflation-Reduction-Act-One-Year-Anniversary-Interested-Parties-Memo.pdf
80,CAND_7D29856EC3,LPO Announces $1.45 Billion Loan Guarantee to Qcells to Finance a Solar Manufacturing Facility in Georgia | Department of Energy,review,https://www.energy.gov/lpo/articles/lpo-announces-145-billion-loan-guarantee-qcells-finance-solar-manufacturing-facility,matched,basename:Acquired_File_Path,/Users/sreejamuvva/Library/CloudStorage/OneDrive-UniversityofGeorgia/GNEM_Project/Tavily_ev-automation-4/Taviliy_HTML_PDF 3/Data/run_1_500/stage2_downloads/lpo-announces-145-billion-loan-guarantee-qcells-finance-solar-manufacturing-facility.html,/Users/sreejamuvva/Library/CloudStorage/OneDrive-UniversityofGeorgia/GNEM_Project/Tavily_ev-automation-4/Taviliy_HTML_PDF 3/Data/run_1_500/tavily ready documents/lpo-announces-145-billion-loan-guarantee-qcells-finance-solar-manufacturing-facility.html
81,CAND_53A58F7F73,LPO Announces $1.45 Billion Loan Guarantee to Qcells to Finance a Solar Manufacturing Facility in Georgia | Department of Energy,review,https://www.energy.gov/node/4847345,matched,basename:Acquired_File_Path,/Users/sreejamuvva/Library/CloudStorage/OneDrive-UniversityofGeorgia/GNEM_Project/Tavily_ev-automation-4/Taviliy_HTML_PDF 3/Data/run_1_500/stage2_downloads/lpo-announces-145-billion-loan-guarantee-qcells-finance-solar-manufacturing-facility_2.html,/Users/sreejamuvva/Library/CloudStorage/OneDrive-UniversityofGeorgia/GNEM_Project/Tavily_ev-automation-4/Taviliy_HTML_PDF 3/Data/run_1_500/tavily ready documents/lpo-announces-145-billion-loan-guarantee-qcells-finance-solar-manufacturing-facility_2.html
82,CAND_0D22C48B8B,LPO Announces $1.45 Billion Loan Guarantee to Qcells to Finance a Solar Manufacturing Facility in Georgia | Department of Energy,review,https://www.energy.gov/edf/articles/lpo-announces-145-billion-loan-guarantee-qcells-finance-solar-manufacturing-facility,matched,basename:Acquired_File_Path,/Users/sreejamuvva/Library/CloudStorage/OneDrive-UniversityofGeorgia/GNEM_Project/Tavily_ev-automation-4/Taviliy_HTML_PDF 3/Data/run_1_500/stage2_downloads/lpo-announces-145-billion-loan-guarantee-qcells-finance-solar-manufacturing-facility_3.html,/Users/sreejamuvva/Library/CloudStorage/OneDrive-UniversityofGeorgia/GNEM_Project/Tavily_ev-automation-4/Taviliy_HTML_PDF 3/Data/run_1_500/tavily ready documents/lpo-announces-145-billion-loan-guarantee-qcells-finance-solar-manufacturing-facility_3.html
83,CAND_2A5CB4FFAF,Hyundai Motor Group Will Build Big EV Plant And Battery Facility In Georgia,review,https://insideevs.com/news/587322/hyundai-build-ev-plant-battery-georgia,matched,basename:Acquired_File_Path,/Users/sreejamuvva/Library/CloudStorage/OneDrive-UniversityofGeorgia/GNEM_Project/Tavily_ev-automation-4/Taviliy_HTML_PDF 3/Data/run_1_500/stage2_downloads/Hyundai_Motor_Group_Will_Build_Big_EV_Plant_And_Battery_Facility_In_Georgia.html,/Users/sreejamuvva/Library/CloudStorage/OneDrive-UniversityofGeorgia/GNEM_Project/Tavily_ev-automation-4/Taviliy_HTML_PDF 3/Data/run_1_500/tavily ready documents/Hyundai_Motor_Group_Will_Build_Big_EV_Plant_And_Battery_Facility_In_Georgia.html
84,CAND_A9B2768BB5,[PDF] 8 August 2022 US Army Corps of Engineers Savannah District ...,review,https://georgia.org/sites/default/files/2022-08/08.08.2022_response_to_404_permit_public_notice_comments.pdf,unmatched,,,
85,CAND_4C17E6CB55,Georgia: Super Hub of the Southeast - Inbound Logistics,review,https://www.inboundlogistics.com/articles/georgia-super-hub-of-the-southeast/,matched,basename:Acquired_File_Path,/Users/sreejamuvva/Library/CloudStorage/OneDrive-UniversityofGeorgia/GNEM_Project/Tavily_ev-automation-4/Taviliy_HTML_PDF 3/Data/run_1_500/stage2_downloads/Georgia_Super_Hub_of_the_Southeast_-_Inbound_Logistics.html,/Users/sreejamuvva/Library/CloudStorage/OneDrive-UniversityofGeorgia/GNEM_Project/Tavily_ev-automation-4/Taviliy_HTML_PDF 3/Data/run_1_500/tavily ready documents/Georgia_Super_Hub_of_the_Southeast_-_Inbound_Logistics.html
86,CAND_5BA61B9D52,EV Parts Supplier NVH Korea To Establish Georgia Facility,review,https://www.tomorrowstechnician.com/ev-parts-supplier-nvh-korea-to-establish-georgia-facility,unmatched,,,
87,CAND_1FCD217DBF,"Yes, EV Battery Recycling Plants Are Ready in the U.S.",review,https://abiresearch.com/blogs/2024/07/23/ev-battery-recycling-in-us,matched,slug_exact,/Users/sreejamuvva/Library/CloudStorage/OneDrive-UniversityofGeorgia/GNEM_Project/Tavily_ev-automation-4/Taviliy_HTML_PDF 3/Data/run_1_500/stage2_downloads/ev-battery-recycling-in-us.html,/Users/sreejamuvva/Library/CloudStorage/OneDrive-UniversityofGeorgia/GNEM_Project/Tavily_ev-automation-4/Taviliy_HTML_PDF 3/Data/run_1_500/tavily ready documents/ev-battery-recycling-in-us.html
88,CAND_B76B6F225B,Hyundai Rotem's Strategic Localization in the U.S. Rail Market: A Blueprint for Supply Chain Resilience,review,https://www.ainvest.com/news/hyundai-rotem-strategic-localization-rail-market-blueprint-supply-chain-resilience-2509/,matched,basename:Acquired_File_Path,/Users/sreejamuvva/Library/CloudStorage/OneDrive-UniversityofGeorgia/GNEM_Project/Tavily_ev-automation-4/Taviliy_HTML_PDF 3/Data/run_1_500/stage2_downloads/Hyundai_Rotem's_Strategic_Localization_in_the_U.S.html,/Users/sreejamuvva/Library/CloudStorage/OneDrive-UniversityofGeorgia/GNEM_Project/Tavily_ev-automation-4/Taviliy_HTML_PDF 3/Data/run_1_500/tavily ready documents/Hyundai_Rotem's_Strategic_Localization_in_the_U.S.html
89,CAND_E596B15CDA,"Kia to tap Savannah for Telluride components, Brunswick for export - Georgia Ports Authority",review,https://gaports.com/press-releases/kia-to-tap-savannah-for-telluride-components-brunswick-for-export,unmatched,,,
90,CAND_520294220B,Tracking the EV battery factory construction boom across North America | TechCrunch,review,https://techcrunch.com/2025/02/06/tracking-the-ev-battery-factory-construction-boom-across-north-america/,unmatched,,,
91,CAND_BDE8A47A20,"Battery Resourcers to Open North America’s Largest Lithium-ion Battery Recycling Facility in Georgia, Create 150 Jobs | Georgia.org",review,https://georgia.org/press-release/battery-resourcers-open-north-americas-largest-lithium-ion-battery-recycling-facility,unmatched,,,
92,CAND_C17AC4F4B6,Georgia is plugged in to electric transportation | Select Georgia,review,https://selectgeorgia.com/news-and-updates/electric-transportation,matched,basename:Acquired_File_Path,/Users/sreejamuvva/Library/CloudStorage/OneDrive-UniversityofGeorgia/GNEM_Project/Tavily_ev-automation-4/Taviliy_HTML_PDF 3/Data/run_1_500/stage2_downloads/Georgia_is_plugged_in_to_electric_transportation_Select_Georgia.html,/Users/sreejamuvva/Library/CloudStorage/OneDrive-UniversityofGeorgia/GNEM_Project/Tavily_ev-automation-4/Taviliy_HTML_PDF 3/Data/run_1_500/tavily ready documents/Georgia_is_plugged_in_to_electric_transportation_Select_Georgia.html
93,CAND_A9C0247D4B,EV Parts Supplier NVH Korea To Establish Georgia Facility,review,https://www.aftermarketnews.com/nvh-korea-georgia-manufacturing-facility/,unmatched,,,
94,CAND_61061248ED,SK On and Hyundai Partner on Georgia EV Battery Plant | News | SK,review,https://eng.sk.com/news/sk-on-and-hyundai-motor-bolster-support-for-u-s-evs-with-georgia-battery-plant,unmatched,,,
95,CAND_DAE853B86C,[PDF] Automotive Manufacturing - Amazon AWS,review,https://selectgeorgia-production-assets.s3.amazonaws.com/media/documents/Automotive_Manufacturing_2026.pdf,matched,basename:Acquired_File_Path,/Users/sreejamuvva/Library/CloudStorage/OneDrive-UniversityofGeorgia/GNEM_Project/Tavily_ev-automation-4/Taviliy_HTML_PDF 3/Data/run_1_500/stage2_downloads/Automotive_Manufacturing_2026.pdf,/Users/sreejamuvva/Library/CloudStorage/OneDrive-UniversityofGeorgia/GNEM_Project/Tavily_ev-automation-4/Taviliy_HTML_PDF 3/Data/run_1_500/tavily ready documents/Automotive_Manufacturing_2026.pdf
96,CAND_18824E5528,Seoyon E-Hwa To Invest $76M In Georgia Manufacturing Facility - Automotive - Business Facilities Magazine,review,https://businessfacilities.com/seoyon-e-hwa-to-invest-76m-in-georgia-manufacturing-facility,unmatched,,,
97,CAND_6E626CDF26,Georgia Companies Hit Key Milestones in Long-Term Partnerships | Georgia.org,review,https://georgia.org/blog/georgia-companies-hit-key-milestones-long-term-partnerships,unmatched,,,
98,CAND_D9C76EDE63,"Troup County, Georgia | Business View Magazine",review,https://businessviewmagazine.com/troup-county-georgia,unmatched,,,
99,CAND_E4E7C406CA,Hyundai Motor Group Metaplant America - Wikipedia,review,https://en.wikipedia.org/wiki/Hyundai_Motor_Group_Metaplant_America,matched,basename:Acquired_File_Path,/Users/sreejamuvva/Library/CloudStorage/OneDrive-UniversityofGeorgia/GNEM_Project/Tavily_ev-automation-4/Taviliy_HTML_PDF 3/Data/run_1_500/stage2_downloads/Hyundai_Motor_Group_Metaplant_America.html,/Users/sreejamuvva/Library/CloudStorage/OneDrive-UniversityofGeorgia/GNEM_Project/Tavily_ev-automation-4/Taviliy_HTML_PDF 3/Data/run_1_500/tavily ready documents/Hyundai_Motor_Group_Metaplant_America.html
100,CAND_A3957BDF7E,Plugged-in: EV revolution fuels Battery Belt emergence ...,review,https://www.bakertilly.com/insights/ev-revolution-fuels-battery-belt-emergence-midwest-south,matched,basename:Acquired_File_Path,/Users/sreejamuvva/Library/CloudStorage/OneDrive-UniversityofGeorgia/GNEM_Project/Tavily_ev-automation-4/Taviliy_HTML_PDF 3/Data/run_1_500/stage2_downloads/ev-revolution-fuels-battery-belt-emergence-midwest-south.html,/Users/sreejamuvva/Library/CloudStorage/OneDrive-UniversityofGeorgia/GNEM_Project/Tavily_ev-automation-4/Taviliy_HTML_PDF 3/Data/run_1_500/tavily ready documents/ev-revolution-fuels-battery-belt-emergence-midwest-south.html
101,CAND_D8E27525FD,Daechang Seat latest supplier to localise production with Hyundai in Georgia | Automotive Logistics,review,https://www.automotivelogistics.media/ev-and-battery/hyundai-supported-by-suppliers-in-race-to-localise-ev-production-in-us/215849,matched,basename:Acquired_File_Path,/Users/sreejamuvva/Library/CloudStorage/OneDrive-UniversityofGeorgia/GNEM_Project/Tavily_ev-automation-4/Taviliy_HTML_PDF 3/Data/run_1_500/stage2_downloads/215849.html,/Users/sreejamuvva/Library/CloudStorage/OneDrive-UniversityofGeorgia/GNEM_Project/Tavily_ev-automation-4/Taviliy_HTML_PDF 3/Data/run_1_500/tavily ready documents/215849.html
102,CAND_63A0ADB411,"Savannah, Brunswick Georgia Ports Set for a $4.5B Revamp",review,https://www.constructconnect.com/construction-economic-news/savannah-brunswick-ports-set-for-a-4.5b-revamp,matched,basename:Acquired_File_Path,/Users/sreejamuvva/Library/CloudStorage/OneDrive-UniversityofGeorgia/GNEM_Project/Tavily_ev-automation-4/Taviliy_HTML_PDF 3/Data/run_1_500/stage2_downloads/savannah-brunswick-ports-set-for-a-4.html,/Users/sreejamuvva/Library/CloudStorage/OneDrive-UniversityofGeorgia/GNEM_Project/Tavily_ev-automation-4/Taviliy_HTML_PDF 3/Data/run_1_500/tavily ready documents/savannah-brunswick-ports-set-for-a-4.html
103,CAND_874736A261,Georgia: Super Hub of the Southeast - Inbound Logistics,review,https://www.inboundlogistics.com/articles/georgia-super-hub-of-the-southeast,matched,basename:Acquired_File_Path,/Users/sreejamuvva/Library/CloudStorage/OneDrive-UniversityofGeorgia/GNEM_Project/Tavily_ev-automation-4/Taviliy_HTML_PDF 3/Data/run_1_500/stage2_downloads/Georgia_Super_Hub_of_the_Southeast_-_Inbound_Logistics_2.html,/Users/sreejamuvva/Library/CloudStorage/OneDrive-UniversityofGeorgia/GNEM_Project/Tavily_ev-automation-4/Taviliy_HTML_PDF 3/Data/run_1_500/tavily ready documents/Georgia_Super_Hub_of_the_Southeast_-_Inbound_Logistics_2.html
104,CAND_60B5574D39,Hyundai and SK On plan $5B Georgia EV battery plant | Manufacturing Dive,review,https://www.manufacturingdive.com/news/Hyundai-SK-On-plan-5B-Georgia-EV-battery-joint-venture/648576/,unmatched,,,
105,CAND_BE16ECF13E,Hyundai Mobis to build EV power system plant in Bryan County Georgia,review,https://www.savannahnow.com/story/business/automotive/2022/11/25/hyundai-mobis-electric-vehicle-power-system-plant-bryan-county-georgia/10762116002,unmatched,,,
106,CAND_E2AE4DA8E7,"Brunswick EV battery plant delayed, but still on track",review,https://www.palmbeachpost.com/story/news/local/2025/07/03/brunswick-ev-battery-plant-delayed-but-still-on-track-epsilon-advanced-materials-india/84430231007,matched,basename:Acquired_File_Path,"/Users/sreejamuvva/Library/CloudStorage/OneDrive-UniversityofGeorgia/GNEM_Project/Tavily_ev-automation-4/Taviliy_HTML_PDF 3/Data/run_1_500/stage2_downloads/Brunswick_EV_battery_plant_delayed,_but_still_on_track.html","/Users/sreejamuvva/Library/CloudStorage/OneDrive-UniversityofGeorgia/GNEM_Project/Tavily_ev-automation-4/Taviliy_HTML_PDF 3/Data/run_1_500/tavily ready documents/Brunswick_EV_battery_plant_delayed,_but_still_on_track.html"
107,CAND_71E154DA01,Georgia: The Gem of The Southeast - Inbound Logistics,review,https://www.inboundlogistics.com/articles/georgia-the-gem-of-the-southeast,matched,basename:Acquired_File_Path,/Users/sreejamuvva/Library/CloudStorage/OneDrive-UniversityofGeorgia/GNEM_Project/Tavily_ev-automation-4/Taviliy_HTML_PDF 3/Data/run_1_500/stage2_downloads/Georgia_The_Gem_of_The_Southeast_-_Inbound_Logistics.html,/Users/sreejamuvva/Library/CloudStorage/OneDrive-UniversityofGeorgia/GNEM_Project/Tavily_ev-automation-4/Taviliy_HTML_PDF 3/Data/run_1_500/tavily ready documents/Georgia_The_Gem_of_The_Southeast_-_Inbound_Logistics.html
108,CAND_F9790D0D03,Georgia: The Logistics Advantage - Inbound Logistics,review,https://www.inboundlogistics.com/articles/georgia-the-logistics-advantage,matched,basename:Acquired_File_Path,/Users/sreejamuvva/Library/CloudStorage/OneDrive-UniversityofGeorgia/GNEM_Project/Tavily_ev-automation-4/Taviliy_HTML_PDF 3/Data/run_1_500/stage2_downloads/Georgia_The_Logistics_Advantage_-_Inbound_Logistics.html,/Users/sreejamuvva/Library/CloudStorage/OneDrive-UniversityofGeorgia/GNEM_Project/Tavily_ev-automation-4/Taviliy_HTML_PDF 3/Data/run_1_500/tavily ready documents/Georgia_The_Logistics_Advantage_-_Inbound_Logistics.html
109,CAND_61384AC16E,"Brunswick EV battery plant delayed, but still on track",review,https://www.starnewsonline.com/story/news/local/2025/07/03/brunswick-ev-battery-plant-delayed-but-still-on-track-epsilon-advanced-materials-india/84430231007/,matched,basename:Acquired_File_Path,"/Users/sreejamuvva/Library/CloudStorage/OneDrive-UniversityofGeorgia/GNEM_Project/Tavily_ev-automation-4/Taviliy_HTML_PDF 3/Data/run_1_500/stage2_downloads/Brunswick_EV_battery_plant_delayed,_but_still_on_track_2.html","/Users/sreejamuvva/Library/CloudStorage/OneDrive-UniversityofGeorgia/GNEM_Project/Tavily_ev-automation-4/Taviliy_HTML_PDF 3/Data/run_1_500/tavily ready documents/Brunswick_EV_battery_plant_delayed,_but_still_on_track_2.html"
110,CAND_645DC9A550,Seoyon E-Hwa To Invest $76M In Georgia Manufacturing Facility - Automotive - Business Facilities Magazine,review,https://businessfacilities.com/seoyon-e-hwa-to-invest-76m-in-georgia-manufacturing-facility/2,unmatched,,,
111,CAND_CB9188102F,Hyundai’s Georgia EV supplier network adds 3 more manufacturers | Supply Chain Dive,review,https://www.supplychaindive.com/news/hyundai-georgia-supplier-network-nvh-korea-daesol-ausys-das-corp-manufacturers/693434,unmatched,,,
112,CAND_EE66208D1B,Longtime Kia and HMG Supplier to Build Manufacturing Facility in Bulloch County – Savannah Harbor-Interstate 16 Corridor Joint Development Authority,review,https://savannahjda.com/2023/01/longtime-kia-and-hmg-supplier-to-build-manufacturing-facility-in-bulloch-county,matched,basename:Acquired_File_Path,/Users/sreejamuvva/Library/CloudStorage/OneDrive-UniversityofGeorgia/GNEM_Project/Tavily_ev-automation-4/Taviliy_HTML_PDF 3/Data/run_1_500/stage2_downloads/Longtime_Kia_and_HMG_Supplier_to_Build_Manufacturing_Facility_in_Bulloch_County_–_Savannah_Harbor-Interstate_16_Corridor_Joint_Development_Authority.html,/Users/sreejamuvva/Library/CloudStorage/OneDrive-UniversityofGeorgia/GNEM_Project/Tavily_ev-automation-4/Taviliy_HTML_PDF 3/Data/run_1_500/tavily ready documents/Longtime_Kia_and_HMG_Supplier_to_Build_Manufacturing_Facility_in_Bulloch_County_–_Savannah_Harbor-Interstate_16_Corridor_Joint_Development_Authority.html
113,CAND_F681404F30,| Georgia: Logistics Front and Center,review,https://inboundlogistics.com/cms/article/georgia-logistics-front-and-center,matched,basename:Acquired_File_Path,/Users/sreejamuvva/Library/CloudStorage/OneDrive-UniversityofGeorgia/GNEM_Project/Tavily_ev-automation-4/Taviliy_HTML_PDF 3/Data/run_1_500/stage2_downloads/_Georgia_Logistics_Front_and_Center.html,/Users/sreejamuvva/Library/CloudStorage/OneDrive-UniversityofGeorgia/GNEM_Project/Tavily_ev-automation-4/Taviliy_HTML_PDF 3/Data/run_1_500/tavily ready documents/_Georgia_Logistics_Front_and_Center.html
114,CAND_FE3C42CB44,"Hyundai, LG to Put $2B More Into Georgia Battery Joint Venture - Global Atlanta",review,https://www.globalatlanta.com/hyundai-lg-to-put-2b-more-into-georgia-battery-joint-venture/,unmatched,,,
115,CAND_60A4E611C6,US and Canada Electric Vehicle Supply Chain Map - Charged,review,https://www.charged-the-book.com/na-ev-supply-chain-map,unmatched,,,
116,CAND_2B42851D60,Georgia Ports welcomes Wallenius Wilhelmsen’s new Brunswick hub facility - Georgia Ports Authority,review,https://gaports.com/press-releases/georgia-ports-welcomes-wallenius-wilhelmsens-new-brunswick-hub-facility/,unmatched,,,
117,CAND_B7C9E0422E,"Lineage Logistics Expands Port-Centric Facility Footprint in Savannah, Georgia | Financial Post",review,https://financialpost.com/pmn/press-releases-pmn/business-wire-news-releases-pmn/lineage-logistics-expands-port-centric-facility-footprint-in-savannah-georgia,matched,basename:Acquired_File_Path,/Users/sreejamuvva/Library/CloudStorage/OneDrive-UniversityofGeorgia/GNEM_Project/Tavily_ev-automation-4/Taviliy_HTML_PDF 3/Data/run_1_500/stage2_downloads/lineage-logistics-expands-port-centric-facility-footprint-in-savannah-georgia_2.html,/Users/sreejamuvva/Library/CloudStorage/OneDrive-UniversityofGeorgia/GNEM_Project/Tavily_ev-automation-4/Taviliy_HTML_PDF 3/Data/run_1_500/tavily ready documents/lineage-logistics-expands-port-centric-facility-footprint-in-savannah-georgia_2.html
118,CAND_02DA515AAE,"Port of Savannah | Savannah Infrastructure | Port, Interstate, Rail, Airport",review,https://seda.org/do-business-here/infrastructure/,unmatched,,,
119,CAND_C8CF751AB0,Expanding Logistics: Georgia's Infrastrucure & Supply Chain - Georgia Trend Magazine,review,https://www.georgiatrend.com/2025/03/31/expanding-logistics-georgias-infrastrucure-supply-chain/,matched,basename:Acquired_File_Path,/Users/sreejamuvva/Library/CloudStorage/OneDrive-UniversityofGeorgia/GNEM_Project/Tavily_ev-automation-4/Taviliy_HTML_PDF 3/Data/run_1_500/stage2_downloads/Expanding_Logistics_Georgia's_Infrastrucure_&_Supply_Chain_-_Georgia_Trend_Magazine.html,/Users/sreejamuvva/Library/CloudStorage/OneDrive-UniversityofGeorgia/GNEM_Project/Tavily_ev-automation-4/Taviliy_HTML_PDF 3/Data/run_1_500/tavily ready documents/Expanding_Logistics_Georgia's_Infrastrucure_&_Supply_Chain_-_Georgia_Trend_Magazine.html
120,CAND_51CB4EB1AA,Georgia: Logistics Focal Point - Inbound Logistics,review,https://www.inboundlogistics.com/articles/georgia-logistics-focal-point/,matched,basename:Acquired_File_Path,/Users/sreejamuvva/Library/CloudStorage/OneDrive-UniversityofGeorgia/GNEM_Project/Tavily_ev-automation-4/Taviliy_HTML_PDF 3/Data/run_1_500/stage2_downloads/Georgia_Logistics_Focal_Point_-_Inbound_Logistics.html,/Users/sreejamuvva/Library/CloudStorage/OneDrive-UniversityofGeorgia/GNEM_Project/Tavily_ev-automation-4/Taviliy_HTML_PDF 3/Data/run_1_500/tavily ready documents/Georgia_Logistics_Focal_Point_-_Inbound_Logistics.html
121,CAND_C486957280,"GPA approves projects to expand rail, gate capacity - Georgia Ports Authority",review,https://gaports.com/press-releases/gpa-approves-projects-to-expand-rail-gate-capacity,matched,basename:Acquired_File_Path,"/Users/sreejamuvva/Library/CloudStorage/OneDrive-UniversityofGeorgia/GNEM_Project/Tavily_ev-automation-4/Taviliy_HTML_PDF 3/Data/run_1_500/stage2_downloads/GPA_approves_projects_to_expand_rail,_gate_capacity_-_Georgia_Ports_Authority.html","/Users/sreejamuvva/Library/CloudStorage/OneDrive-UniversityofGeorgia/GNEM_Project/Tavily_ev-automation-4/Taviliy_HTML_PDF 3/Data/run_1_500/tavily ready documents/GPA_approves_projects_to_expand_rail,_gate_capacity_-_Georgia_Ports_Authority.html"
122,CAND_6B58C545AB,Hyundai Mobis to build EV power system plant in Bryan County Georgia,review,https://www.usatoday.com/story/business/automotive/2022/11/25/hyundai-mobis-electric-vehicle-power-system-plant-bryan-county-georgia/10762116002,unmatched,,,
123,CAND_2CC466E44F,Transmission: Some imports from major battery supplier of Ford EV F-150 banned - FreightWaves,review,https://www.freightwaves.com/news/transmission-some-imports-from-major-battery-supplier-of-ford-ev-f-150-banned,matched,basename:Acquired_File_Path,/Users/sreejamuvva/Library/CloudStorage/OneDrive-UniversityofGeorgia/GNEM_Project/Tavily_ev-automation-4/Taviliy_HTML_PDF 3/Data/run_1_500/stage2_downloads/transmission-some-imports-from-major-battery-supplier-of-ford-ev-f-150-banned.html,/Users/sreejamuvva/Library/CloudStorage/OneDrive-UniversityofGeorgia/GNEM_Project/Tavily_ev-automation-4/Taviliy_HTML_PDF 3/Data/run_1_500/tavily ready documents/transmission-some-imports-from-major-battery-supplier-of-ford-ev-f-150-banned.html
124,CAND_580FAA5582,"Transportation, Distribution & Logistics | Georgia Department of Economic Development",review,https://georgia.org/industries/logistics-supply-chain,unmatched,,,
125,CAND_3574D69362,Third Hyundai supplier sets up factory near upcoming EV plant | Manufacturing Dive,review,https://www.manufacturingdive.com/news/third-hyundai-supplier-sets-up-factory-near-incoming-ev-plant/640074/,unmatched,,,
126,CAND_E6EB069F0C,Food Processing | Georgia Food Manufacturing Licenses & Permits,review,https://www.georgia.org/industries/food-processing,unmatched,,,
127,CAND_AF848B9D64,Food Processing | Georgia Food Manufacturing Licenses & Permits,review,https://georgia.org/industries/food-processing,unmatched,,,
128,CAND_D1FA8072FB,Hyundai supplier to build factory near automaker’s Georgia EV campus | Manufacturing Dive,review,https://www.manufacturingdive.com/news/hyundai-supplier-to-build-factory-near-its-savannah-ev-campus/636192,unmatched,,,
129,CAND_0B9999F3B4,Hyundai’s Georgia EV supplier network adds 3 more manufacturers | Manufacturing Dive,review,https://www.manufacturingdive.com/news/hyundai-georgia-supplier-network-nvh-korea-daesol-ausys-das-corp-manufacturers/693349,unmatched,,,
130,CAND_104BF99CDC,Hyundai’s Georgia EV supplier network adds 3 more manufacturers | WardsAuto,review,https://www.wardsauto.com/news/archive-auto-hyundai-georgia-supplier-network-nvh-korea-daesol-ausys-das-corp-manufacturers/693552,unmatched,,,
