run_name,provider,model_name,rag_enabled,question,reference_answer,reference_source,answer,latency_seconds,success,error_message,answer_accuracy,faithfulness,response_groundedness,context_precision,context_recall,grounded_claim_ratio,unsupported_claim_ratio,contradicted_claim_ratio,overall_metric_score_pct
qwen_rag,ollama,qwen2.5:14b,True,"Show all Tier 1/2 suppliers in Georgia, list their EV Supply Chain Role and Product / Service.","There are 18 Tier 1/2 companies in Georgia. F&P Georgia Manufacturing [Tier 1/2] | Role: Battery Pack | Product: Lithium-ion battery recycler and raw materials provider Fouts Brothers Fire Equipment [Tier 1/2] | Role: General Automotive | Product: Automotive body parts and electronics Cylinder-head and specialty gaskets, housing modules and shielding systems for engines, transmissions, exhaust systems and auxiliary units Hitachi Astemo [Tier 1/2] | Role: General Automotive | Product: Car audio systems Hitachi Astemo Americas Inc. [Tier 1/2] | Role: Battery Cell | Product: Battery cells for electric mobility Hollingsworth & Vose Co. [Tier 1/2] | Role: Battery Pack | Product: Lithium-ion battery materials Honda Development & Manufacturing [Tier 1/2] | Role: Battery Cell | Product: Battery cells for electric mobility Hwashin [Tier 1/2] | Role: General Automotive | Product: Modules and storage systems Hyundai & LG Energy Solution (LGES) [Tier 1/2] | Role: General Automotive | Product: Storage batteries Hyundai Industrial Co. [Tier 1/2] | Role: General Automotive | Product: Automotive batteries Hyundai MOBIS (Georgia) [Tier 1/2] | Role: General Automotive | Product: Capacitors, electronic automotive components Hyundai Motor Group [Tier 1/2] | Role: Battery Pack | Product: Battery parts for electric vehicles Hyundai Transys Georgia Powertrain [Tier 1/2] | Role: Thermal Management | Product: Electrical heaters, control units, and actuators Hyundai Transys Georgia Seating Systems [Tier 1/2] | Role: General Automotive | Product: Automotive electronics, resonators, capacitors, resistors, electronics and electronic parts IMMI [Tier 1/2] | Role: Battery Pack | Product: Battery electrolyte IMS Gear Georgia Inc. [Tier 1/2] | Role: General Automotive | Product: Car audio systems Inalfa Roof Systems Inc. [Tier 1/2] | Role: General Automotive | Product: Automotive electronic safety systems JAC Products Inc. [Tier 1/2] | Role: General Automotive | Product: Switches, resistors and related products",golden,"Lear Corporation | General Automotive | Pressed parts in the body-in-white segment and structural components

Hyundai MOBIS (Georgia) | General Automotive | Capacitors, electronic automotive components

F&P Georgia Manufacturing | Battery Pack | Lithium-ion battery recycler and raw materials provider

Hyundai Transys Georgia Powertrain | Thermal Management | Electrical heaters, control units, and actuators

Hyundai Transys Georgia Seating Systems | General Automotive | Automotive electronics, resonators, capacitors, resistors, electronics and electronic parts",4.52,True,,0.5,0.8,1.0,0.6792,0.0,0.8,0.2,0.0,64.55040000000002
qwen_rag,ollama,qwen2.5:14b,True,"Which Georgia companies are classified under Battery Cell or Battery Pack roles, and what tier is each assigned?",There are 6 companies found with Battery Cell or Battery Pack roles. F&P Georgia Manufacturing [Tier 1/2] | Role: Battery Pack Hitachi Astemo Americas Inc. [Tier 1/2] | Role: Battery Cell Hollingsworth & Vose Co. [Tier 1/2] | Role: Battery Pack Honda Development & Manufacturing [Tier 1/2] | Role: Battery Cell Hyundai Motor Group [Tier 1/2] | Role: Battery Pack IMMI [Tier 1/2] | Role: Battery Pack,golden,"**Battery Pack**
F&P Georgia Manufacturing

**Battery Cell**
None listed

Note: Only one company, F&P Georgia Manufacturing, is classified under Battery Pack role. No companies are listed under Battery Cell role in Georgia based on the provided evidence.",1.26,True,,0.0,0.5,0.5,1.0,0.0,0.5,0.3333,0.1667,38.0
qwen_rag,ollama,qwen2.5:14b,True,Map all Thermal Management suppliers in Georgia and show which Primary OEMs they are linked to.,There are 4 Thermal Management companies in Georgia. • Freudenberg-NOK | OEMs: Multiple OEMs • Hyundai Transys Georgia Powertrain | OEMs: Hyundai Kia Rivian • Novelis Inc. | OEMs: Multiple OEMs • Peerless-Winsmith Inc. | OEMs: Multiple OEMs,golden,ZF Gainesville LLC | Primary OEMs: Multiple OEMs,0.61,True,,0.0,0.0,0.5,0.525,0.0,0.0,1.0,0.0,18.3
qwen_rag,ollama,qwen2.5:14b,True,"List every Georgia company classified under Power Electronics or Charging Infrastructure, along with their Employment size.","There are 4 companies in Power Electronics or Charging Infrastructure roles. GSC Steel Stamping LLC | Role: Power Electronics | Employment: 350 Morgan Corp. | Role: Charging Infrastructure | Employment: 320 Yazaki North America | Role: Power electronics, sensors, and EV systems | Employment: 230000 ZF Gainesville LLC | Role: EV thermal management and power electronics | Employment: 17500",golden,"Yazaki North America | Employment: 230000
ZF Gainesville LLC | Employment: 17500",0.9,True,,0.5,1.0,1.0,1.0,0.0,1.0,0.0,0.0,74.00000000000001
qwen_rag,ollama,qwen2.5:14b,True,"Which companies are classified as Direct Manufacturer, and what EV Supply Chain Roles do they cover?",The Direct Manufacturer group includes 11 companies. Kia Georgia Inc. | EV Supply Chain Role: Vehicle Assembly Minebea AccessSolutions USA Inc. | EV Supply Chain Role: General Automotive Superior Essex Inc. | EV Supply Chain Role: Vehicle Assembly Suzuki Manufacturing of America Corp. | EV Supply Chain Role: Vehicle Assembly TCI Powder Coatings | EV Supply Chain Role: Vehicle Assembly TDK Components USA Inc. | EV Supply Chain Role: Vehicle Assembly TE Connectivity | EV Supply Chain Role: Vehicle Assembly Teklas USA | EV Supply Chain Role: Vehicle Assembly Textron Specialized Vehicles | EV Supply Chain Role: Vehicle Assembly Thermal Ceramics Inc. | EV Supply Chain Role: Vehicle Assembly Thomson Plastics Inc. | EV Supply Chain Role: Vehicle Assembly,golden,"Vehicle Assembly:
Superior Essex Inc. | Vehicle Assembly
TE Connectivity | Vehicle Assembly
Teklas USA | Vehicle Assembly
Thomson Plastics Inc. | Vehicle Assembly

General Automotive:
Minebea AccessSolutions USA Inc. | General Automotive",1.26,True,,0.5,0.8571,0.5,1.0,0.0,0.8571,0.1429,0.0,61.998799999999996
qwen_rag,ollama,qwen2.5:14b,True,"What locations does Novelis Inc. operate in, and what primary facility types are associated with each location?","Novelis Inc. is recorded at three Georgia locations. Gainesville, Hall County | Primary Facility Type: Manufacturing Plant Trenton, Dade County | Primary Facility Type: Manufacturing Plant Lawrenceville, Gwinnett County | Primary Facility Type: Manufacturing Plant",golden,"Novelis Inc. operates in the following locations:

- Gainesville, Hall County | Primary Facility Type: Manufacturing Plant | EV Supply Chain Role: General Automotive
- Trenton, Dade County | Primary Facility Type: Manufacturing Plant | EV Supply Chain Role: General Automotive
- Lawrenceville, Gwinnett County | Primary Facility Type: Manufacturing Plant | EV Supply Chain Role: Thermal Management",1.79,True,,0.5,1.0,1.0,1.0,1.0,1.0,0.0,0.0,86.00000000000001
qwen_rag,ollama,qwen2.5:14b,True,"In Gwinnett County, which company has the highest Employment and what is its EV Supply Chain Role?",Highest-employment company in Gwinnett County: Grudem | Employment: 807 | EV Supply Chain Role: General Automotive,golden,Company: Grudem | Employment: 807 | EV Supply Chain Role: General Automotive,0.79,True,,1.0,1.0,1.0,0.0,1.0,1.0,0.0,0.0,88.00000000000001
qwen_rag,ollama,qwen2.5:14b,True,Which county have the highest total Employment among Tier 1 suppliers only?,"Troup County has the highest total employment among Tier 1 suppliers, with 3,603 employees.",golden,Troup County (3603),0.64,True,,1.0,1.0,1.0,0.0,1.0,1.0,0.0,0.0,88.00000000000001
qwen_rag,ollama,qwen2.5:14b,True,"Which county has the highest total employment across all companies, and what is the combined employment in that county?","Fulton County | Total Employment: 21,300",golden,"Bryan County has the highest total employment across all companies, with a combined employment of 8100 from Superior Essex Inc.",0.87,True,,0.0,1.0,1.0,0.4429,0.0,1.0,0.0,0.0,53.3148
qwen_rag,ollama,qwen2.5:14b,True,Show all Vehicle Assembly OEMs in Georgia and the full set of Tier 1 suppliers connected to each within the state.,"There are 10 companies in Georgia classified under Vehicle Assembly or OEM roles: Club Car LLC Hyundai Motor Group Rivian Automotive Kia Georgia Inc. Mercedes-Benz USA LLC Blue Bird Corp. Yamaha Motor Manufacturing Corp. Textron Specialized Vehicles SK Battery America Archer Aviation Inc. Tier 1 Supplier Connections: There are 77 Tier 1 suppliers in the dataset. While 74 of these are categorized under ""Multiple OEMs,"" 3 suppliers have specific documented linkages: Perkins Small Engines LLC → Blue Bird Corp. SHIROKI North America Inc. → Blue Bird Corp. Racemark International LLC → Hyundai / Kia / Rivian",golden,"Vehicle Assembly OEMs in Georgia:
- Teklas USA | Category: OEM | EV Supply Chain Role: Vehicle Assembly | Updated Location: Coweta County | Employment: 1800
- Suzuki Manufacturing of America Corp. | Category: OEM | EV Supply Chain Role: Vehicle Assembly | Updated Location: Monroe, Walton County | Employment: 7500
- Kia Georgia Inc. | Category: OEM | EV Supply Chain Role: Vehicle Assembly | Updated Location: Appling, Columbia County | Employment: 777
- TCI Powder Coatings | Category: OEM | EV Supply Chain Role: Vehicle Assembly | Updated Location: Troup County | Employment: 3000

Tier 1 suppliers connected to each within the state:
- PPG Industries Inc. | Category: Tier 1 | EV Supply Chain Role: General Automotive | Updated Location: Troup County | Employment: 120",3.69,True,,0.0,0.8571,0.5,0.9821,0.0,0.8571,0.1429,0.0,47.784
qwen_rag,ollama,qwen2.5:14b,True,Identify the primary products and services associated with Sewon America Inc. across its different operational sites in Georgia.,"Sewon America Inc. offers different products and services across its Georgia locations Atlanta, Fulton County: Automotive aftermarket parts Athens, Clarke County: Motor vehicle engines and parts Marietta, Cobb County: Fire truck bodies",golden,"EV Supply Chain Role: General Automotive | Company: Sewon America Inc. | Updated Location: Marietta, Cobb County | Employment: 75",0.97,True,,0.25,1.0,0.75,1.0,0.0,1.0,0.0,0.0,63.000000000000014
qwen_rag,ollama,qwen2.5:14b,True,List all Tier 2/3 companies in Georgia with primary involvement in the electric vehicle or battery supply chain and specify their respective roles.,There are 3 companies with primary involvement in the electric vehicle or battery supply chain. Duckyang | Role: General Automotive GSC Steel Stamping LLC | Role: Power Electronics Enchem America Inc. | Role: General Automotive,golden,"**General Automotive**
- GLOVIS Georgia LLC
- DeKalb Tool & Die Inc.
- Continental Tire the Americas LLC

**Materials**
- Bosch (Automotive Division)
- Blue Bird Corp.",1.12,True,,0.0,0.8571,0.5,0.8333,0.0,0.8571,0.1429,0.0,45.998400000000004
qwen_rag,ollama,qwen2.5:14b,True,"Show the full supplier network linked to Rivian Automotive in Georgia, broken down by tier and EV Supply Chain Role.",There are 5 companies linked to Rivian Automotive in Georgia. Duckyang [Tier 2/3] | Role: General Automotive Enchem America Inc. [Tier 2/3] | Role: General Automotive GSC Steel Stamping LLC [Tier 2/3] | Role: Power Electronics Hyundai Transys Georgia Powertrain [Tier 1/2] | Role: Thermal Management Racemark International LLC [Tier 1] | Role: General Automotive,golden,"Tier 1:
- Rivian Automotive | EV Supply Chain Role: General Automotive

Tier 2:
- Racemark International LLC | EV Supply Chain Role: General Automotive

No additional tiers linked to Rivian Automotive are provided in the given evidence.",1.29,True,,0.0,0.6,0.5,0.9484,0.0,0.6,0.4,0.0,40.1808
qwen_rag,ollama,qwen2.5:14b,True,"Which Georgia companies produce battery materials such as anodes, cathodes, electrolytes, or copper foil, and what tier are they classified as?","There are 6 Georgia companies producing battery materials such as anodes, cathodes, electrolytes, or copper foil. Down 2 Earth Trailers [Tier 2/3] Duckyang [Tier 2/3] Enplas USA Inc. [Tie 2/3] F&P Georgia Manufacturing [Tier 1/2] Hollingsworth & Vose Co. [Tier 1/2] IMMI [Tier 1/2]",golden,"EVCO Plastics | Tier 2/3 | Materials  
DAEHAN Solution Georgia LLC | Tier 2/3 | Materials  
SungEel Recycling Park Georgia | Tier 2/3 | Materials  
Ascend Elements | Tier 2/3 | Materials  
Aspen Aerogels | Tier 2/3 | Materials",1.67,True,,0.0,0.8,0.5,0.1964,0.0,0.8,0.2,0.0,36.756800000000005
qwen_rag,ollama,qwen2.5:14b,True,Identify all Georgia companies with an EV Supply Chain Role related to wiring harnesses and show their Primary OEMs.,There are 2 Georgia companies with an EV Supply Chain Role related to wiring harnesses. WIKA USA | Primary OEMs: not listed Woodbridge Foam Corp. | Primary OEMs: not listed,golden,"Woodbridge Foam Corp. | Primary OEMs: n/a  
Woory Industrial Co. | Primary OEMs: n/a  
Yazaki North America | Primary OEMs: n/a",1.33,True,,0.5,0.0,0.0,0.125,0.0,0.0,1.0,0.0,19.500000000000004
qwen_rag,ollama,qwen2.5:14b,True,Find Georgia-based Tier 1 or Tier 1/2 suppliers capable of producing battery electrolytes or lithium-ion battery materials with existing OEM contracts.,There are 6 Georgia Tier 1 or 1/2 suppliers capable of producing battery electrolytes or lithium-ion battery materials. F&P Georgia Manufacturing [Tier 1/2] | OEMs: Hyundai Kia Hitachi Astemo Americas Inc. [Tier 1/2] | OEMs: Hyundai Kia Hollingsworth & Vose Co. [Tier 1/2] | OEMs: Hyundai Kia Honda Development & Manufacturing [Tier 1/2] | OEMs: Hyundai Kia Hyundai Motor Group [Tier 1/2] | OEMs: Hyundai Kia IMMI [Tier 1/2] | OEMs: Hyundai Kia,golden,No Georgia-based Tier 1 or Tier 1/2 suppliers capable of producing battery electrolytes or lithium-ion battery materials with existing OEM contracts are listed in the provided evidence.,1.08,True,,0.0,1.0,0.25,0.5833,0.0,1.0,0.0,0.0,42.9996
qwen_rag,ollama,qwen2.5:14b,True,Which Georgia companies manufacture high-voltage wiring harnesses or EV electrical distribution components suitable for BEV platforms?,There are 2 Georgia companies manufacturing high-voltage wiring harnesses or EV electrical distribution components suitable for BEV platforms WIKA USA Woodbridge Foam Corp.,golden,"Company: WIKA USA | Category: OEM Supply Chain | EV Supply Chain Role: HV and LV wiring harnesses for EVs and ICE vehicles | Updated Location: Georgia | Employment: 250000

Company: Yachiyo Manufacturing of America LLC | Category: OEM Supply Chain | EV Supply Chain Role: ev electrical distribution | Updated Location: Georgia",1.74,True,,0.75,1.0,1.0,0.622,0.0,1.0,0.0,0.0,76.46400000000003
qwen_rag,ollama,qwen2.5:14b,True,Identify Georgia Tier 2/3 companies in the Electronic and Electrical Equipment industry group that could be upgraded to supply EV power electronics.,No Georgia Tier 2/3 companies are classified under the Electronic and Other Electrical Equipment industry group.,golden,"Hyundai Transys Georgia Seating Systems | Electronic and Other Electrical Equipment and Components
Hyundai Transys Georgia Powertrain | Electronic and Other Electrical Equipment and Components",0.97,True,,0.0,1.0,1.0,0.5012,0.0,1.0,0.0,0.0,54.014399999999995
qwen_rag,ollama,qwen2.5:14b,True,Find Georgia-based companies that manufacture copper foil or electrodeposited materials suitable for EV battery current collectors.,There is 1 company in Georgia specifically identified for the manufacture of materials suitable for EV battery current collectors: Duckyang,golden,"EV Supply Chain Role: Materials

Company: EVCO Plastics | Updated Location: Augusta, Richmond County | Employment: 125

Company: DAEHAN Solution Georgia LLC | Updated Location: Covington, Newton County | Employment: 130

Company: SungEel Recycling Park Georgia | Updated Location: Macon, Bibb County | Employment: 650

Company: Blue Bird Corp. | Updated Location: Elberton, Elbert County | Employment: 275

Company: Blue Ridge Manufacturing | Updated Location: Canton, Cherokee County | Employment: 270",2.66,True,,0.25,0.8333,0.5,0.1429,0.0,0.8333,0.1667,0.0,44.047200000000004
qwen_rag,ollama,qwen2.5:14b,True,"Which Georgia Tier 1/2 companies produce engineered plastics, polymers, or composite materials applicable to EV structural or thermal components?","No Georgia Tier 1/2 companies are explicitly identified as producing engineered plastics, polymers, or composite materials applicable to EV structural or thermal components.",golden,"Materials:
- SK Battery America | Tier 1 | Hartwell, Hart County | Employment: 75
- Daesol Ausys | Tier 2/3 | Marietta, Cobb County | Employment: 97
- EVCO Plastics | Tier 2/3 | Augusta, Richmond County | Employment: 125",1.7,True,,0.0,0.75,0.5,0.5,1.0,0.75,0.25,0.0,51.000000000000014
qwen_rag,ollama,qwen2.5:14b,True,Find Georgia suppliers with existing Hyundai Kia contracts that could be expanded to support Hyundai Metaplant's EV battery production ramp-up.,There are 12 companies with existing Hyundai Kia contracts that could be expanded to support Hyundai Metaplant's EV battery production ramp-up. F&P Georgia Manufacturing Duckyang GSC Steel Stamping LLC Hitachi Astemo Americas Inc. Hollingsworth & Vose Co. Honda Development & Manufacturing Hyundai Motor Group Hyundai Transys Georgia Powertrain IMMI Enchem America Inc. Racemark International LLC Superior Essex Inc.,golden,"No specific companies with existing Hyundai Kia contracts were listed in the provided evidence. The following Georgia suppliers could potentially support Hyundai Metaplant's EV battery production ramp-up based on their roles and locations:

Thermal Management:
- Hyundai Transys Georgia Powertrain | Dublin, Laurens County | Employment: 130

Battery Pack:
- F&P Georgia Manufacturing | Toccoa, Stephens County | Employment: 104

General Automotive:
- Hyundai Transys Georgia Seating Systems | Marietta, Cobb County | Employment: 110
- Joon Georgia, Inc. | Troup County | Employment: 900",2.73,True,,0.5,0.8889,0.5,0.925,0.0,0.8889,0.0,0.1111,61.989200000000025
qwen_rag,ollama,qwen2.5:14b,True,"Identify Georgia companies producing DC-to-DC converters, capacitors, or power electronics components relevant to EV drivetrains and what tier is each assigned?","There are 3 Georgia companies producing DC-to-DC converters, capacitors, or power electronics components relevant to EV drivetrains. GSC Steel Stamping LLC [Tier 2/3] Hyundai MOBIS (Georgia) [Tier 1/2] Hyundai Transys Georgia Seating Systems [Tier 1/2]",golden,"**Power Electronics Components Relevant to EV Drivetrains**

- **Tier 2/3**
  - GSC Steel Stamping LLC | Updated Location: Gainesville, Hall County | Employment: 350

**General Automotive**

- Hyundai Transys Georgia Seating Systems | Category: Tier 1/2 | Updated Location: Marietta, Cobb County | Employment: 110",1.84,True,,0.75,0.6,,0.7345,0.0,0.6,0.4,0.0,60.2547619047619
qwen_rag,ollama,qwen2.5:14b,True,"Which Georgia companies provide powder coating-related products or services, and what tier are they classified under?",There is only 1 company that provides powder coating-related products or services Archer Aviation Inc. | Category: Tier 2/3,golden,No Georgia companies specifically provide powder coating-related products or services based on the provided evidence. The list includes companies but does not specify their EV Supply Chain Role or product/service details relevant to powder coating.,1.16,True,,0.0,0.5,0.0,0.125,0.0,0.5,0.5,0.0,19.5
qwen_rag,ollama,qwen2.5:14b,True,"Which Georgia companies manufacture battery parts or enclosure systems and are classified as Tier 1/2, making them ready for direct OEM engagement and show which Primary OEMs they are linked to.","There are 6 Georgia companies manufacturing battery parts or enclosure systems and are classified as Tier 1/2, making them ready for direct OEM engagement. F&P Georgia Manufacturing | OEMs: Hyundai Kia Hitachi Astemo Americas Inc. | OEMs: Hyundai Kia Hollingsworth & Vose Co. | OEMs: Hyundai Kia Honda Development & Manufacturing | OEMs: Hyundai Kia Hyundai Motor Group | OEMs: Hyundai Kia IMMI | OEMs: Hyundai Kia",golden,"The provided evidence does not contain specific information about companies manufacturing battery parts or enclosure systems and their classification as Tier 1/2, nor does it include details on Primary OEMs. Therefore, I cannot provide a direct answer based on the given data. The workbook evidence is incomplete for this question.",1.31,True,,0.0,0.0,0.0,0.7546,0.0,0.0,1.0,0.0,13.0552
qwen_rag,ollama,qwen2.5:14b,True,Find Tier 2/3 Georgia-based suppliers with employment over 300 that are classified as General Automotive but produce components transferable to EV platforms.,There are 8 Tier 2/3 Georgia-based suppliers with employment over 300 that are classified as General Automotive but produce components transferable to EV platforms. Arising Industries Inc. | Employment: 582 Dinex Emissions Inc. | Employment: 500 ACM Georgia LLC | Employment: 400 Dongwon Autopart Technology Georgia LLC | Employment: 315 FOX Factory | Employment: 345 AVS | Employment: 310 Flambeau Inc. | Employment: 700 Grudem | Employment: 807,golden,"Dorsett Industries Inc. | Employment: 300

The provided evidence does not include information about Tier classification, General Automotive industry group, or EV platform component production capabilities. Therefore, it's incomplete for determining if the companies meet all criteria specified in the question.",1.37,True,,0.0,0.6667,0.0,0.1429,0.0,0.6667,0.3333,0.0,24.382399999999997
qwen_rag,ollama,qwen2.5:14b,True,Identify Georgia Tier 2/3 companies in the Chemicals and Allied Products industry group and list their products.,There are 2 Georgia Tier 2/3 companies in Chemicals and Allied Products industry group. Archer Aviation Inc. | Product: Powder coatings for automotive and other industries Arising Industries Inc. | Product: Rubber powders for tires,golden,Company: Archer Aviation Inc. | Industry Group: Chemicals and Allied Products,0.67,True,,0.5,0.0,0.0,0.325,0.0,0.0,1.0,0.0,21.900000000000002
qwen_rag,ollama,qwen2.5:14b,True,"Which EV Supply Chain Roles in Georgia are served by only a single company, creating a single-point-of-failure risk for the state's EV ecosystem?","There are 28 Supply Chain Roles in Georgia served by only a single company, creating a single-point-of-failure risk for the state's EV ecosystem Role: Advanced electrical architecture for EVs | Only company: Yamaha Motor Manufacturing Corp. Role: Body and chassis components for EV and ICE OEMs | Only company: Vanguard National Trailer Corp. Role: Charging Infrastructure | Only company: Morgan Corp. Role: EV and ICE component manufacturing | Only company: Vista Metals Corp. Role: EV and ICE powertrain and HVAC components | Only company: Voestalpine Automotive Body Parts Inc. Role: EV body, powertrain, and thermal components | Only company: ZF Gainesville LLC Role: EV electrical distribution and interior systems | Only company: Yachiyo Manufacturing of America LLC Role: EV sensors, braking, and control systems | Only company: YKK USA Inc. Role: EV thermal management and power electronics | Only company: ZF Gainesville LLC Role: EV thermal systems and electronics | Only company: ZF Gainesville LLC Role: EV wiring harnesses and power distribution | Only company: Woodbridge Foam Corp. Role: HV and LV wiring harnesses for EVs and ICE vehicles | Only company: WIKA USA Role: High‑voltage EV connectors and electronics | Only company: Woory Industrial Co. Role: Interior and exterior plastic parts | Only company: Wabash National Corp. Role: Interior trim and textile components | Only company: Wheelabrator Group Inc. Role: Machined components supporting EV and ICE vehicles | Only company: Trenton Pressing Inc. Role: OEM corporate and engineering footprint (electrification) | Only company: Tie Down Engineering Role: OEM corporate footprint and supplier integration | Only company: Trenton Pressing Role: OEM corporate footprint influencing EV strategy | Only company: TI Fluid Systems Role: OEM parent group footprint (EV + HD electrification) | Only company: TN Americas Holding Inc. Role: OEM parent group footprint (electric truck strategy) | Only company: Toyota Industries Group (TACG-TICA) Role: Plastic components for EV and ICE vehicles | Only company: Volvo Cars USA Role: Power Electronics | Only company: GSC Steel Stamping LLC Role: Power electronics, sensors, and EV systems | Only company: Yazaki North America Role: Stamped and welded assemblies for OEMs | Only company: Vernay Role: Stamped metal components for OEMs | Only company: Volvo Group North America Role: Tier 1 automotive components | Only company: Valeo Role: Vehicle safety systems OEM (EV + ICE) → Only company: TI Fluid Systems",golden,"- OEM parent group footprint (EV + HD electrification): TN Americas Holding Inc. 
- OEM parent group footprint (electric truck strategy): Toyota Industries Group (TACG-TICA)
- OEM corporate footprint and supplier integration: Trenton Pressing
- Machined components supporting EV and ICE vehicles: Trenton Pressing Inc.",1.85,True,,0.5,1.0,1.0,1.0,0.0,1.0,0.0,0.0,74.00000000000001
qwen_rag,ollama,qwen2.5:14b,True,"Which Georgia Battery Cell or Battery Pack suppliers are sole-sourced by a specific OEM, indicating high dependency risk?","There are 6 Georgia Battery Cell or Battery Pack suppliers that are sole-sourced by a specific OEM, indicating high dependency risk. • F&P Georgia Manufacturing | Role: Battery Pack | Primary OEM: Hyundai Kia • Hitachi Astemo Americas Inc. | Role: Battery Cell | Primary OEM: Hyundai Kia • Hollingsworth & Vose Co. | Role: Battery Pack | Primary OEM: Hyundai Kia • Honda Development & Manufacturing | Role: Battery Cell | Primary OEM: Hyundai Kia • Hyundai Motor Group | Role: Battery Pack | Primary OEM: Hyundai Kia • IMMI | Role: Battery Pack | Primary OEM: Hyundai Kia",golden,"Battery Cell:
- Hitachi Astemo Americas Inc. | Employment: 723
- Honda Development & Manufacturing | Employment: 400

Battery Pack:
- F&P Georgia Manufacturing | Employment: 104",1.31,True,,0.25,0.6,0.5,1.0,0.0,0.6,0.4,0.0,47.800000000000004
qwen_rag,ollama,qwen2.5:14b,True,"For Hyundai Metaplant, how many of its Georgia-based EV component suppliers have fewer than 200 employees, flagging potential capacity fragility?","For Hyundai Metaplant, there are 6 Georgia-based EV component suppliers with less than 200 employees, flagging potential capacity fragility. Enchem America Inc. | Employment: 155 F&P Georgia Manufacturing | Employment: 104 Hyundai Motor Group | Employment: 164 Hyundai Transys Georgia Powertrain | Employment: 130 IMMI | Employment: 100 Racemark International LLC | Employment: 120",golden,"The provided evidence does not contain information about Hyundai Metaplant's Georgia-based EV component suppliers or their employee numbers. Therefore, it is impossible to determine how many of its Georgia-based EV component suppliers have fewer than 200 employees based on the given data. The workbook evidence lacks this specific detail.",1.59,True,,0.0,1.0,0.0,0.4125,0.0,1.0,0.0,0.0,36.949999999999996
qwen_rag,ollama,qwen2.5:14b,True,"Identify Georgia Tier 2/3 suppliers that are EV Relevant, classified as General Automotive, and provide materials to Battery Cell or Battery Pack companies, suggesting supply chain misalignment risk.","There are 2 Georgia Tier 2/3 suppliers that are EV Relevant, classified as General Automotive, and provide materials to Battery Cell or Battery Pack companies, suggesting supply chain misalignment risk. Duckyang | OEMs: Hyundai Kia Rivian Enchem America Inc. | OEMs: Hyundai Kia Rivian",golden,"General Automotive: Ecoplastic America Corporation | Updated Location: Greensboro, Greene County | Employment: 200
General Automotive: DeKalb Tool & Die Inc. | Updated Location: Calhoun, Gordon County | Employment: 70
General Automotive: GLOVIS Georgia LLC | Updated Location: Dublin, Laurens County | Employment: 90

Materials: DAEHAN Solution Georgia LLC | Updated Location: Covington, Newton County | Employment: 130
Materials: SungEel Recycling Park Georgia | Updated Location: Macon, Bibb County | Employment: 650

Note: The companies listed under ""General Automotive"" do not provide materials to Battery Cell or Battery Pack companies and thus do not suggest supply chain misalignment risk. Only the companies listed under ""Materials"" potentially have a supply chain misalignment risk if they are providing materials to Battery Cell or Battery Pack companies, but this is not specified in the provided evidence.",3.96,True,,0.0,0.5714,0.5,0.0,0.0,0.5714,0.4286,0.0,27.999199999999995
qwen_rag,ollama,qwen2.5:14b,True,Identify all Georgia-based Tier 1/2 automotive suppliers that maintain a diversified customer base (serving 'Multiple OEMs').,There are 11 Georgia-based Tier 1/2 automotive suppliers that maintain a diversified customer base. Fouts Brothers Fire Equipment Hitachi Astemo Hwashin Hyundai & LG Energy Solution (LGES) IMS Gear Georgia Inc. JAC Products Inc. Hyundai Industrial Co. Hyundai MOBIS (Georgia) Hyundai Transys Georgia Seating Systems Inalfa Roof Systems Inc. Jefferson Southern Corp.,golden,"IMS Gear Georgia Inc. | Category: Tier 1/2 | EV Supply Chain Role: General Automotive | Updated Location: Fayetteville, Fayette County | Employment: 100

Hyundai MOBIS (Georgia) | Category: Tier 1/2 | EV Supply Chain Role: General Automotive | Updated Location: Fayetteville, Fayette County | Employment: 170

Hyundai Transys Georgia Seating Systems | Category: Tier 1/2 | EV Supply Chain Role: General Automotive | Updated Location: Marietta, Cobb County | Employment: 110

F&P Georgia Manufacturing | Category: Tier 1/2 | EV Supply Chain Role: Battery Pack | Updated Location: Toccoa, Stephens County | Employment: 104",3.21,True,,0.5,0.75,0.5,0.9107,0.0,0.75,0.25,0.0,57.92840000000001
qwen_rag,ollama,qwen2.5:14b,True,Identify Georgia companies in the Thermal Management or Power Electronics role with fewer than 200 employees - their small scale may limit surge production capacity.,There are 3 Georgia companies in the Thermal Management or Power Electronics role with fewer than 200 employees. Freudenberg-NOK | Employment: 160 | Role: Thermal Management Hyundai Transys Georgia Powertrain | Employment: 130 | Role: Thermal Management Peerless-Winsmith Inc. | Employment: 160 | Role: Thermal Management,golden,"Based on the provided evidence, there are no companies in Georgia with fewer than 200 employees in the Thermal Management or Power Electronics role. The evidence does not include employee count information for these roles and locations.",1.18,True,,0.0,0.5,0.25,0.6917,0.0,0.5,0.5,0.0,30.3004
qwen_rag,ollama,qwen2.5:14b,True,Identify any EV-relevant Georgia companies classified as OEM Footprint or OEM Supply Chain?,There are 27 EV-relevant Georgia companies classified as OEM Footprint or OEM Supply Chain. TI Fluid Systems | OEM (Footprint) Tie Down Engineering | OEM (Footprint) TN Americas Holding Inc. | OEM (Footprint) Toyota Industries Group (TACG-TICA) | OEM (Footprint) Trenton Pressing | OEM (Footprint) Trenton Pressing Inc. | OEM Supply Chain Valeo | OEM Supply Chain Vanguard National Trailer Corp. | OEM Supply Chain Vernay | OEM Supply Chain Vista Metals Corp. | OEM Supply Chain Voestalpine Automotive Body Parts Inc. | OEM Supply Chain Volvo Cars USA | OEM Supply Chain Volvo Group North America | OEM Supply Chain Wabash National Corp. | OEM Supply Chain Wheelabrator Group Inc. | OEM Supply Chain WIKA USA | OEM Supply Chain Woodbridge Foam Corp. | OEM Supply Chain Woory Industrial Co. | OEM Supply Chain Yachiyo Manufacturing of America LLC | OEM Supply Chain Yamaha Motor Manufacturing Corp. | OEM Supply Chain Yazaki North America | OEM Footprint YKK USA Inc. | OEM Footprint ZF Gainesville LLC | OEM Supply Chain ZF Gainesville LLC | OEM Supply Chain ZF Gainesville LLC | OEM Footprint,golden,"Based on the provided evidence, there are no companies explicitly classified as either OEM Footprint or OEM Supply Chain related to EVs. The list includes 22 companies located in Georgia but does not specify their classification under EV Supply Chain Role.",1.34,True,,0.0,1.0,0.25,1.0,0.5,1.0,0.0,0.0,53.99999999999999
qwen_rag,ollama,qwen2.5:14b,True,"Top 10 Georgia companies based on employment size that supply both General Automotive and EV-specific components, indicating transition readiness?",Top 10 Georgia companies based on the employment size supply both General Automotive and have some EV relevance (Yes or Indirect): JTEKT North America Corp. | Employment: 860 Kautex Inc. | Employment: 800 Lark United Manufacturing Inc. | Employment: 700 Fouts Brothers Fire Equipment | Employment: 630 Arising Industries Inc. | Employment: 582 Dinex Emissions Inc. | Employment: 500 Lund International Inc. | Employment: 500 Mack Trucks | Employment: 500 Mando America Corp. | Employment: 460 ACM Georgia LLC | Employment: 400,golden,"Based on the provided evidence, there is insufficient information to determine which companies supply both General Automotive and EV-specific components or their transition readiness. The employment sizes of the listed companies are as follows:

1. Joon Georgia, Inc.: 900
2. Ecoplastic America Corporation: 200
3. ADVICS Manufacturing Georgia LLC: 150
4. GEDIA Georgia LLC: 100
5. Hyundai Transys Georgia Seating Systems: 110

Please provide additional information or evidence to determine the companies' roles in both General Automotive and EV-specific supply chains.",2.6,True,,0.0,0.875,0.5,0.25,0.0,0.875,0.125,0.0,39.50000000000001
qwen_rag,ollama,qwen2.5:14b,True,"How many Georgia companies are now producing lithium-ion battery materials, cells, or electrolytes compared to traditional ICE powertrain components?","Georgia has 4 companies producing lithium-ion battery materials, cells, or electrolytes.",golden,"1 Georgia company is now producing lithium-ion battery materials, cells, or electrolytes compared to traditional ICE powertrain components:
- Voestalpine Automotive Body Parts Inc. (ICE Powertrain)",1.07,True,,0.0,0.0,0.5,0.71,0.0,0.0,1.0,0.0,20.520000000000003
qwen_rag,ollama,qwen2.5:14b,True,Which Georgia Tier 2/3 suppliers currently produce lightweight aluminum or composite materials and are growing their EV-specific customer base?,"There are 7 Tier 2/3 companies producing lightweight aluminum or composite materials and are growing their EV-specific customer base Bridgestone Bandag | Product: Composite materials and specialty polymers for automotive components | EV Relevant: Indirect Dinex Emissions Inc. | Product: Aluminum sheet for automotive bodies | EV Relevant: Indirect Down 2 Earth Trailers | Product: Standard and custom aluminum-lithium products for automotive customers | EV Relevant: Indirect Eaton Corp. | Product: Aluminum products for various markets including automotive market | EV Relevant: Indirect Ecoplastic America Corporation | Product: Aluminum sheet for automotive bodies | EV Relevant: Indirect Erdrich USA Inc. | Product: Aluminum sheet for automotive bodies | EV Relevant: Indirect Global Powertrain Systems LLC | Product: Motor vehicle brake systems and parts Fabricates metal products, including coate | EV Relevant: Indirect",golden,"Bridgestone Bandag | Materials | Augusta, Richmond County | Employment: 242  
DAEHAN Solution Georgia LLC | Materials | Covington, Newton County | Employment: 130  
SungEel Recycling Park Georgia | Materials | Macon, Bibb County | Employment: 650",1.63,True,,0.0,1.0,0.5,0.6917,0.0,1.0,0.0,0.0,48.300399999999996
qwen_rag,ollama,qwen2.5:14b,True,"Identify Georgia companies whose product descriptions include 'high-voltage', 'DC-to-DC', 'inverter', or 'motor controller' — these signal EV powertrain electronics growth.","There is only 1 Georgia company with 'high-voltage', 'DC-to-DC', 'inverter', or 'motor controller' product signals. GSC Steel Stamping LLC | Product: Deep grove ball bearings Toyota Industries Electric Systems North 255 DC-to-DC converters",golden,"The provided evidence does not include product descriptions or EV Supply Chain Roles, so it's incomplete for identifying Georgia companies with specific product descriptions related to 'high-voltage', 'DC-to-DC', 'inverter', or 'motor controller'. Therefore, no companies can be listed based on the given criteria.",1.58,True,,0.0,1.0,0.0,0.125,0.0,1.0,0.0,0.0,33.5
qwen_rag,ollama,qwen2.5:14b,True,"Which Georgia automotive companies employ over 1,000 workers but are currently categorized as only ""Indirectly Relevant"" to the EV sector, indicating a massive workforce pool ready for a strategic pivot?","There are 3 Georgia automotive companies employ more than 1,000 workers while being categorized as Indirectly Relevant to the EV sector: TCI Powder Coatings: 1,200 employees Teklas USA: 1,300 employees Textron Specialized Vehicles: 1,225 employees",golden,"Based on the provided evidence, there are no companies explicitly listed as employing over 1,000 workers and categorized as ""Indirectly Relevant"" to the EV sector in Georgia. The evidence does not provide employment numbers or specific EV sector relevance categorizations for each company. Therefore, it is incomplete for determining which companies meet these criteria.",1.5,True,,0.0,1.0,0.0,0.125,0.0,1.0,0.0,0.0,33.5
qwen_rag,ollama,qwen2.5:14b,True,"Which three Georgia companies have the largest employment in EV thermal management, and how many employees does each have?",The 3 companies with the largest thermal-management-related employment in Georgia are: Novelis Inc.: 200 employees Freudenberg-NOK: 160 employees Peerless-Winsmith Inc.: 160 employees,golden,"ZF Gainesville LLC | Employment: 17500

Hyundai Transys Georgia Powertrain | Employment: 130

The provided evidence does not include a third company meeting the criteria.",1.09,True,,0.0,1.0,0.5,0.525,0.0,1.0,0.0,0.0,46.3
qwen_rag,ollama,qwen2.5:14b,True,"Which companies are involved in thermal-related products or services, and what roles and facility types are they associated with?","There are 4 companies involved in thermal-related products or services, along with their associated EV supply chain roles and primary facility types are: Freudenberg-NOK | Role: Thermal Management | Facility type: Manufacturing Plant Hyundai Transys Georgia Powertrain | Role: Thermal Management | Facility type: Manufacturing Plant Novelis Inc. | Role: Thermal Management | Facility type: Manufacturing Plant Peerless-Winsmith Inc. | Role: Thermal Management | Facility type: Manufacturing Plant",golden,Freudenberg-NOK | Thermal Management | Manufacturing Plant,0.61,True,,0.5,0.0,0.0,0.3655,0.0,0.0,1.0,0.0,22.386000000000003
qwen_rag,ollama,qwen2.5:14b,True,Which Tier 1/2 Georgia companies listed under General Automotive suggest a gradual evolution toward EV-related products or markets?,"There are 6 Tier 1/2 Georgia companies listed under General Automotive suggest a gradual evolution toward EV-related products or markets. Fouts Brothers Fire Equipment | Product: Automotive body parts and electronics Cylinder-head and specialty gaskets, housing modules and shielding systems for engines, transmissions, exhaust systems and auxiliary units Hyundai Industrial Co. | Product: Automotive batteries Hyundai MOBIS (Georgia) | Product: Capacitors, electronic automotive components Hyundai Transys Georgia Seating Systems | Product: Automotive electronics, resonators, capacitors, resistors, electronics and electronic parts Inalfa Roof Systems Inc. | Product: Automotive electronic safety systems Jefferson Southern Corp. | Product: High current switches and resistors for automotive HVAC systems",golden,"Company: JAC Products Inc. | Category: Tier 1/2 | EV Supply Chain Role: General Automotive | Updated Location: Clarkesville, Habersham County | Employment: 63",1.2,True,,0.0,1.0,1.0,0.0,0.0,1.0,0.0,0.0,47.99999999999999
qwen_rag,ollama,qwen2.5:14b,True,How is demand for thermal management solutions reflected in the number and employment size of Georgia Thermal Management suppliers?,There are 4 companies for Thermal Management suppliers in Georgia Employment Size: 650 Freudenberg-NOK | Employment: 160 Hyundai Transys Georgia Powertrain | Employment: 130 Novelis Inc. | Employment: 200 Peerless-Winsmith Inc. | Employment: 160,golden,"The demand for thermal management solutions in Georgia is reflected by one supplier, ZF Gainesville LLC, with an employment size of 17500.",0.97,True,,0.0,1.0,0.75,1.0,0.0,1.0,0.0,0.0,56.00000000000001
qwen_rag,ollama,qwen2.5:14b,True,"Which Georgia companies are involved in battery recycling or second-life battery processing, reflecting the emerging circular economy trend?","There are 3 Georgia companies involved in battery recycling or end-of-life processing: Enplas USA Inc. | Product: Recycler of lithium ion batteries EVCO Plastics | Product: Recycler of copper, precious metals, and non-ferrous materials F&P Georgia Manufacturing | Product: Lithium-ion battery recycler and raw materials provider",golden,The provided evidence does not include any companies involved specifically in battery recycling or second-life battery processing in Georgia. The listed companies do not match the criteria for the emerging circular economy trend related to batteries as per the given data.,1.26,True,,0.0,1.0,0.0,0.0,0.0,1.0,0.0,0.0,32.0
qwen_rag,ollama,qwen2.5:14b,True,"Which Georgia suppliers appear to play innovation-stage roles through research, development, or prototyping activity?","There is only 1 Georgia company that clearly appears to be an innovation-stage roles through research, development, or prototyping activity. Racemark International LLC | Product: Manufacturing and R&D engine parts for EV",golden,"Based on the provided evidence, there is no specific information indicating which Georgia suppliers play innovation-stage roles through research, development, or prototyping activity. The list includes companies located in Georgia but does not specify their EV Supply Chain Role or activities related to innovation stages such as research and development. Therefore, it's incomplete for determining those roles directly from the given data.",1.55,True,,0.0,1.0,0.0,0.2,0.0,1.0,0.0,0.0,34.4
qwen_rag,ollama,qwen2.5:14b,True,"Which Georgia suppliers currently serving traditional OEMs are also linked to EV-native OEMs, showing dual-platform supply capability?","There are 5 Georgia-based suppliers that exhibit dual-platform supply capability, as they are linked to both traditional OEMs such as Hyundai/Kia and the EV-native OEM Rivian. Duckyang GSC Steel Stamping LLC Hyundai Transys Georgia Powertrain Enchem America Inc. Racemark International LLC",golden,"Based on the provided evidence, there is no specific information indicating which Georgia suppliers currently serving traditional OEMs are also linked to EV-native OEMs. The list of companies does not include details about their supply relationships with both traditional and EV-native OEMs. Therefore, it's incomplete for determining dual-platform supply capability.",1.4,True,,0.0,1.0,0.0,0.7546,0.0,1.0,0.0,0.0,41.0552
qwen_rag,ollama,qwen2.5:14b,True,Identify Georgia areas that currently lack Battery Cell or Battery Pack suppliers but have existing Tier 1 general automotive infrastructure.,There are 37 Georgia counties with Tier 1 automotive presence but NO Battery Cell/Pack suppliers. The counties and counts are: Troup County: 9 Hall County: 5 Chatham County: 4 Gwinnett County: 4 Floyd County: 4 Bartow County: 2 Dade County: 2 Davis County: 2 Effingham County: 2 Franklin County: 2 Fulton County: 2 Harris County: 2 Laurens County: 2 Meriwether County: 2 Whitfield County: 2 Bibb County: 1 Bulloch County: 1 Candler County: 1 Carroll County: 1 Cherokee County: 1 Clarke County: 1 Cobb County: 1 Coffee County: 1 Crisp County: 1 Fannin County: 1 Fayette County: 1 Gordon County: 1 Grady County: 1 Haralson County: 1 Hart County: 1 Liberty County: 1 Newton County: 1 Pike County: 1 Polk County: 1 Richmond County: 1 Walker County: 1 Walton County: 1,golden,"Toccoa, Stephens County | Tier 1/2 | Battery Pack | Employment: 104

Pembroke, Bryan County | Tier 1/2 | Battery Cell | Employment: 400

Coweta County | Tier 1/2 | Battery Cell | Employment: 723

Marietta, Cobb County | Tier 2/3 | General Automotive | Employment: 110

Dublin, Laurens County | Tier 2/3 | General Automotive | Employment: 90",2.38,True,,0.0,0.8,0.5,0.0,0.0,0.8,0.2,0.0,34.400000000000006
qwen_rag,ollama,qwen2.5:14b,True,"For a new Tier 1 battery thermal management company looking to locate in Georgia, which areas offer the highest density of compatible upstream material suppliers?","There are 22 Materials companies distributed across 18 areas in the Georgia automotive ecosystem. Below are the Georgia counties and locations with the count of Materials companies in each area: Troup County: 2 Gainesville, Hall County: 2 Augusta, Richmond County: 2 Cartersville, Bartow County: 2 Statesboro, Bulloch County: 1 Griffin, Spalding County: 1 Elberton, Elbert County: 1 Canton, Cherokee County: 1 Thomson, McDuffie County: 1 Madison, Morgan County: 1 Covington, Newton County: 1 Marietta, Cobb County: 1 Cumming, Forsyth County: 1 Albany, Dougherty County: 1 Dahlonega, Lumpkin County: 1 Carroll County: 1 Hartwell, Hart County: 1 Macon, Bibb County: 1",golden,"For a new Tier 1 battery thermal management company looking to locate in Georgia, the following areas offer the highest density of compatible upstream material suppliers based on EV Supply Chain Role:

Thermal Management:
- Novelis Inc., Lawrenceville, Gwinnett County | Employment: 200
- Peerless-Winsmith Inc., Statesboro, Bulloch County | Employment: 160
- Hyundai Transys Georgia Powertrain, Dublin, Laurens County | Employment: 130",2.28,True,,0.25,0.6,0.5,0.7333,0.0,0.6,0.4,0.0,44.5996
qwen_rag,ollama,qwen2.5:14b,True,"How many Georgia areas have concentrated Manufacturing Plant facilities but no EV-specific production presence, indicating potential conversion-ready industrial sites?","There are 82 non-EV Manufacturing Plant companies distributed across 22 Georgia areas with concentrated Manufacturing Plant facilities but no EV-specific production presence. The areas and counts are: Troup County: 12 Lawrenceville, Gwinnett County: 4 Gainesville, Hall County: 4 Rome, Floyd County: 4 Dalton, Whitfield County: 3 Statesboro, Bulloch County: 3 Atlanta, Fulton County: 3 Buchanan, Haralson County: 2 Calhoun, Gordon County: 2 Hinesville, Liberty County: 2 Covington, Newton County: 2 Coweta County: 2 Griffin, Spalding County: 2 Hazlehurst, Davis County: 2 Trenton, Dade County: 2 Augusta, Richmond County: 2 Cumming, Forsyth County: 2 Carroll County: 2 Marietta, Cobb County: 2 Fayetteville, Fayette County: 2 Savannah, Chatham County: 2 Cartersville, Bartow County: 2",golden,"22 Georgia areas have concentrated Manufacturing Plant facilities but no EV-specific production presence, indicating potential conversion-ready industrial sites. Companies include:
- TN Americas Holding Inc.
- Toyota Industries Group (TACG-TICA)
- Trenton Pressing
- Trenton Pressing Inc.
- Valeo
- Vanguard National Trailer Corp.
- Vernay
- Vista Metals Corp.
- Voestalpine Automotive Body Parts Inc.
- Volvo Cars USA
- Volvo Group North America
- Wabash National Corp.
- Wheelabrator Group Inc.
- WIKA USA
- Woodbridge Foam Corp.
- Woory Industrial Co.
- Yachiyo Manufacturing of America LLC
- Yamaha Motor Manufacturing Corp.
- Yazaki North America
- YKK USA Inc.
- ZF Gainesville LLC (listed twice, likely a duplicate)",3.42,True,,0.5,1.0,1.0,1.0,0.0,1.0,0.0,0.0,74.00000000000001
qwen_rag,ollama,qwen2.5:14b,True,"For an international battery materials company seeking a Georgia location, which areas have existing chemical manufacturing infrastructure?","There are 2 Chemical Companies distributed across 2 Georgia areas with existing Chemicals and Allied Products infrastructure. The areas and counts are: Ellaville, Schley County: 1 Lawrenceville, Gwinnett County: 1",golden,"Hartwell, Hart County: SK Battery America  
Macon, Bibb County: SungEel Recycling Park Georgia",0.83,True,,0.0,0.5,0.5,0.0,0.0,0.5,0.5,0.0,25.999999999999996
qwen_rag,ollama,qwen2.5:14b,True,"Which Georgia areas have R&D facility types in the automotive sector, suggesting innovation infrastructure suitable for EV technology development centers?","There is only 1 Georgia area with an R&D facility type in the automotive sector: Calhoun, Gordon County | Company: Racemark International LLC",golden,"The provided evidence does not specify R&D facility types or locations within Georgia for the automotive sector. Therefore, it is not possible to identify specific Georgia areas with R&D facilities suitable for EV technology development centers based on the given data.",1.33,True,,0.0,1.0,0.0,0.125,0.0,1.0,0.0,0.0,33.5
